arm,gen,n_seeds,median_score,q1_score,q3_score,mean_score
fixed_gravity,0,11,-286.44019758962406,-299.383730614908,-258.1578667895236,-292.90077727947295
fixed_gravity,5,1,-443.9398411333928,-443.9398411333928,-443.9398411333928,-443.9398411333928
fixed_gravity,10,10,-108.52099344520549,-162.06627776328224,-15.462028705327619,-92.04137114119331
fixed_gravity,20,10,4.871595100732842,-10.90919724417459,13.469722794472524,-2.4104180563707422
fixed_gravity,30,10,32.36151090390291,28.365289758115175,35.206460357247074,29.346460464727805
fixed_gravity,40,10,-4.410313401498185,-29.877823865726256,29.915656199813263,-18.695020970092326
fixed_gravity,50,10,44.27789948166638,2.0375118828521295,92.31654679946564,48.63013837009302
fixed_gravity,60,10,115.91559098887016,61.37938609953824,161.90810460069545,93.85100507410355
fixed_gravity,70,10,136.8726998371883,50.42947278200059,170.19521524967277,122.38198458172405
fixed_gravity,80,10,173.781040082117,132.48232911915485,191.60657370263473,160.80945673915622
fixed_gravity,90,10,188.75396834675797,147.31946056779975,240.5455240073133,191.7205356615446
fixed_gravity,100,10,227.68035796979552,205.66398754534316,265.51718053146317,226.43550875752513
fixed_gravity,110,10,276.0510821599474,177.32983418071888,281.98262168311356,197.08061690889892
fixed_gravity,120,10,232.7169207786348,208.3408358440535,275.55633926832246,237.61603731358946
fixed_gravity,130,10,196.34293169749293,170.74636725832963,250.93011469067253,231.34256903941596
fixed_gravity,140,10,244.21548043820954,183.39980123590865,274.9263955387245,230.53380240758756
fixed_gravity,150,10,239.78215662078526,221.56152348104098,276.2224111228128,299.16045227337355
fixed_gravity,160,10,263.2388205588113,191.37729885917867,455.0635742703223,300.53188300067495
fixed_gravity,170,10,297.9791461452288,259.4843178983874,376.2439907106018,381.2023797912021
fixed_gravity,180,10,313.02733152955386,270.9234772387982,350.81538133274057,360.64971192502287
fixed_gravity,190,10,340.5991297394427,259.665351974503,573.0524909091833,400.7077837633568
fixed_gravity,200,10,370.36719385370805,314.4415441981216,577.1492292959913,443.7956265229285
fixed_gravity,210,10,441.2028712152593,350.17851376790395,645.4000002118437,534.7553477490815
fixed_gravity,220,10,394.29333108536446,293.64016213296185,659.175354556896,495.4511654040016
fixed_gravity,230,10,438.1202784476212,406.2826378188159,677.4972432236634,552.2796990124245
fixed_gravity,240,10,565.2190334228286,414.244349558092,820.2573057698148,592.3149618648372
fixed_gravity,250,10,549.1150953783122,416.1935305678336,811.4699954368162,612.8509792826854
fixed_gravity,260,10,668.258466065095,481.3232386764018,765.7090479374054,621.3063102751232
fixed_gravity,270,10,703.1112531336059,447.15889640896137,960.8326663400054,691.4163776271325
fixed_gravity,280,10,738.5618881578475,422.0232001342458,951.0211647151255,760.7649086269482
fixed_gravity,290,10,569.5725961588328,413.04889722066326,988.1507665701004,766.9991191980489
fixed_gravity,300,10,762.8044273355431,514.7461285457604,979.6059094454549,797.7019352122529
fixed_gravity,310,10,766.9577907511606,490.17671317762523,965.1573237151059,736.2963406680475
fixed_gravity,320,10,890.3207656774669,599.0385481937736,1061.0151799829873,824.2782513995598
fixed_gravity,330,10,818.6549370020681,632.1351164783025,999.9190103012867,848.1375111070425
fixed_gravity,340,10,840.3265651099622,577.673215841861,1205.3709338488081,891.827837990656
fixed_gravity,350,10,926.4823687560668,784.49584523977,1023.1803443232732,892.01537831386
fixed_gravity,360,10,996.1107543686456,573.4256047599592,1085.653562719193,928.5728843748178
fixed_gravity,370,10,825.1522951779125,523.6999892374648,1113.367649244583,828.8486175699247
fixed_gravity,380,10,979.2333155894494,666.9040926744163,1189.9526328787854,983.5559613180128
fixed_gravity,390,10,1027.2303112870422,729.2075953567637,1096.5941918042631,920.9607009336603
fixed_gravity,400,10,1037.7198129615733,732.456146163101,1175.5320285243247,976.0397623852671
fixed_gravity,410,10,1015.7071491556413,695.8306086520648,1065.059983420916,954.0493100501424
fixed_gravity,420,10,861.903748668785,693.3713832424775,1193.827715529849,947.7324246575084
fixed_gravity,430,10,1019.9979993091672,587.0149905259984,1218.5978549880474,933.1716255452626
fixed_gravity,440,10,876.6610494839555,599.5333281440837,1196.771886254087,958.749526557842
fixed_gravity,450,10,1077.3423173015053,849.6661685356905,1335.4650329577375,1048.7396750938194
fixed_gravity,460,10,781.8889621609046,732.7443366600428,1171.0020743666526,907.3162373534975
fixed_gravity,470,10,1108.6570386611004,788.6832112418549,1264.3096034584862,1026.825152526498
fixed_gravity,480,10,966.1762823230689,829.305810398153,1276.810182116145,1030.7689134367097
fixed_gravity,490,10,1120.3288286631764,677.2691597199828,1224.5301231061667,1017.906976156362
random_variable_gravity,0,11,-322.8252970274019,-342.0388181420019,-304.37630685579495,-327.22787134925926
random_variable_gravity,5,1,-348.0548763998433,-348.0548763998433,-348.0548763998433,-348.0548763998433
random_variable_gravity,10,10,-238.7073506216887,-248.701739233206,-233.03125289084278,-228.58443110933158
random_variable_gravity,20,10,-9.70374786610602,-68.34213107092737,27.088369773471552,-21.441934758455318
random_variable_gravity,30,10,18.535586550883405,4.350533810398955,57.95743012562735,32.78661710592982
random_variable_gravity,40,10,106.33537265507607,59.617474303499215,131.89921023312198,68.36466588708974
random_variable_gravity,50,10,141.81326567690144,-29.390546774076356,186.79631971690068,114.97008243206707
random_variable_gravity,60,10,168.09999311704098,72.77919445823429,228.0673549206066,161.17531347903042
random_variable_gravity,70,10,188.09360588362267,127.29643936499838,313.0351473875974,208.1220709198435
random_variable_gravity,80,10,267.2571436534314,201.5609846390507,286.3016544527758,221.04964957075103
random_variable_gravity,90,10,234.64167540339218,214.49871212883238,294.84522576121185,248.27692834054764
random_variable_gravity,100,10,241.35166992776823,171.29866013317903,321.84034981472195,220.70338930456055
random_variable_gravity,110,10,250.01508154275223,235.36257536289128,331.0181116686439,276.3863701405511
random_variable_gravity,120,10,239.0774100996206,181.12543749652775,383.87727487596266,272.67331656019564
random_variable_gravity,130,10,269.4181106847906,192.53275451673036,334.58212545543455,248.03174145636336
random_variable_gravity,140,10,248.05875862826207,229.78183827032422,319.5788322236649,265.0077502453704
random_variable_gravity,150,10,273.12426016943886,188.80852944473006,362.50539182426803,298.76604059321096
random_variable_gravity,160,10,329.2575546226834,273.9628933356182,369.2644459591786,278.6405615106499
random_variable_gravity,170,10,310.74489223765215,260.0808355287115,399.90435575192635,359.73970520677125
random_variable_gravity,180,10,337.74553947482366,258.8796435481774,561.7653992472149,436.47164955481946
random_variable_gravity,190,10,286.30041420635513,205.58807782373987,366.92901809155586,305.0909010759823
random_variable_gravity,200,10,427.98038777103704,371.0368835089462,527.0957880707965,448.08206770845857
random_variable_gravity,210,10,431.551978932814,389.653912403852,532.4720740856719,469.9540956943927
random_variable_gravity,220,10,438.23254427557674,332.8346069512298,526.3086185189186,427.30658078189254
random_variable_gravity,230,10,447.9774502949449,381.6931885697577,599.9309919116529,518.132509380372
random_variable_gravity,240,10,399.7775685700349,314.67363363873807,745.3278443042886,541.6945359498783
random_variable_gravity,250,10,509.4298195243108,312.7209351086737,659.5404092337822,514.0798569082328
random_variable_gravity,260,10,400.2766127542959,341.3071316542553,831.0998223773948,545.8735031037312
random_variable_gravity,270,10,570.9288202992784,371.4586237570495,961.7225570638606,705.3322638044024
random_variable_gravity,280,10,547.5969660061614,295.9400414918813,902.9238339092738,615.040210100576
random_variable_gravity,290,10,393.17528206910333,302.3606714471912,655.1555261583477,477.91932297516695
random_variable_gravity,300,10,507.7372948894629,384.4314079873882,917.9763824724124,634.2223697466889
random_variable_gravity,310,10,642.7198741893571,353.6821725200063,943.495128470855,683.6419877342653
random_variable_gravity,320,10,439.55920545621086,286.2553440540512,872.450287614812,599.7287522159936
random_variable_gravity,330,10,613.9991786130705,346.7297160499835,965.7490400278808,646.6783041002665
random_variable_gravity,340,10,853.8876602581429,467.3382832717552,1051.033230783489,748.8018764741785
random_variable_gravity,350,10,941.7715241134129,617.5527494173447,1131.4349391763856,896.5117654870339
random_variable_gravity,360,10,410.6606917483815,353.5919875530849,471.06210631391195,434.4258787797145
random_variable_gravity,370,10,848.4851280603466,514.2766149031894,1033.8176445818683,766.0140545961755
random_variable_gravity,380,10,549.6097359707234,435.87040462787695,645.1323080884046,653.854250578451
random_variable_gravity,390,10,661.7031709999765,255.267840715604,1157.4326374114994,704.8058753684146
random_variable_gravity,400,10,589.8488689950875,487.2765639395394,854.0491994594752,680.4502794898108
random_variable_gravity,410,10,551.4670113454176,290.2550252146349,914.3315430248084,641.3736966225373
random_variable_gravity,420,10,459.03912973664677,406.28225259875853,571.417515112684,545.1912275566108
random_variable_gravity,430,10,758.3333910904562,621.3825650881874,898.9697174735377,760.2920870120546
random_variable_gravity,440,10,1049.5405991627983,867.0153751007535,1143.964324384482,968.3002923153866
random_variable_gravity,450,10,752.7164312419195,393.7467758801398,1251.398523860668,862.3416482889509
random_variable_gravity,460,10,545.19348876718,361.09409356599184,650.4449810763679,597.6458342727822
random_variable_gravity,470,10,647.6431672249594,465.78241782623314,1003.3304467872234,738.9620042608807
random_variable_gravity,480,10,776.7922605693295,400.9497275956021,1126.7479637821743,804.7441942042576
random_variable_gravity,490,10,641.9955433942607,228.51136074614308,1160.862254292184,715.3258134188354
curriculum_variable_gravity,0,10,-334.86285265310346,-352.9630182609065,-318.6927868888208,-329.40221610801564
curriculum_variable_gravity,10,10,-272.735141389864,-293.10240234043346,-257.30572627228105,-252.59979156481737
curriculum_variable_gravity,20,10,-233.75112311852882,-287.3361491398966,-91.64643005455157,-198.67485624209056
curriculum_variable_gravity,30,10,-0.4494433918638976,-78.71721274184264,24.428056957700797,-25.635634050690392
curriculum_variable_gravity,40,10,-20.1222159757497,-63.79833509560186,16.644003481595895,-50.097653005656
curriculum_variable_gravity,50,10,-41.76436008490199,-178.35209934657706,30.00238757291239,-81.17251609804646
curriculum_variable_gravity,60,10,-12.824836768627641,-125.9926827364668,5.817413570233151,-32.53162967721697
curriculum_variable_gravity,70,10,-8.469492486457163,-76.33331797667336,32.01231313840642,-21.98100003465755
curriculum_variable_gravity,80,10,-45.621299962512936,-105.4173188486469,38.78828961479623,-41.03234301194548
curriculum_variable_gravity,90,10,-145.99094928102988,-273.9636720532791,-4.562951343556351,-145.10265417945556
curriculum_variable_gravity,100,10,-143.78502241650204,-279.84784490682284,-36.6904375003448,-142.22832651949074
curriculum_variable_gravity,110,10,-18.86856709060931,-207.42493601370478,22.922252677225334,-77.29371560451823
curriculum_variable_gravity,120,10,17.125587072900714,-41.17650462303174,160.01713998276392,43.637031660556275
curriculum_variable_gravity,130,10,12.634878234721006,-92.42426105271566,159.8991116572679,28.933891570717833
curriculum_variable_gravity,140,10,-13.0808406524847,-124.4722363281341,144.75807278366491,-11.321794777625012
curriculum_variable_gravity,150,10,58.600875921138055,-50.991675485579265,114.5074945869832,22.483919693952195
curriculum_variable_gravity,160,10,62.40460254127513,-148.30070890490563,189.11292973362248,29.008259571550035
curriculum_variable_gravity,170,10,77.83839619682723,2.363384105626937,180.31832471522316,84.16313481261574
curriculum_variable_gravity,180,10,-25.01120160480685,-147.5029852854967,191.3222890414933,10.098857463237556
curriculum_variable_gravity,190,10,91.40373451592961,20.55470815054528,172.8449817105057,80.06894721214486
curriculum_variable_gravity,200,10,44.29253452730988,-37.427945828305525,206.9005679425154,83.14709609387934
curriculum_variable_gravity,210,10,89.93388453558816,38.77305076866722,210.9239265918429,93.0480554621275
curriculum_variable_gravity,220,10,67.37783867940703,-5.0912667879011035,222.03502617367482,98.94334310788597
curriculum_variable_gravity,230,10,176.0863172694617,-16.13723345755012,216.80597508058477,73.3908758336629
curriculum_variable_gravity,240,10,153.36768129816278,92.04582411848834,218.41031957750158,139.0725461465743
curriculum_variable_gravity,250,10,110.73924803335979,42.71637862606275,140.07367121837513,70.0679580657889
curriculum_variable_gravity,260,10,181.1049666820483,130.7043172774892,233.29206866744238,123.46728521079771
curriculum_variable_gravity,270,10,197.62047471359637,154.85890696313172,246.9366397033079,169.55388796755707
curriculum_variable_gravity,280,10,134.45232364407897,46.45691460416893,287.5133590834022,124.30182208677918
curriculum_variable_gravity,290,10,188.16216719579603,2.7899653500913715,244.9033968377376,144.42733455534932
curriculum_variable_gravity,300,10,214.77550018736724,136.74372710521192,368.9767337582418,273.79686269738545
curriculum_variable_gravity,310,10,218.74924430919063,169.08968733712567,388.4393293814398,282.8440717714322
curriculum_variable_gravity,320,10,259.86781533943474,148.4101397334388,321.27948680264666,207.3980727629074
curriculum_variable_gravity,330,10,279.19489502848563,176.24040792371963,422.85908136107537,248.4346753318279
curriculum_variable_gravity,340,10,232.19279202661411,161.94418408551547,315.3348561160179,246.85487203414203
curriculum_variable_gravity,350,10,209.6439527133183,163.41715530949753,419.27572433854823,328.5348277566123
curriculum_variable_gravity,360,10,346.8190145760684,188.65777077685968,647.5230797062135,437.12536352613307
curriculum_variable_gravity,370,10,249.27208333780416,150.55083216943976,451.87753367064715,291.63913712128124
curriculum_variable_gravity,380,10,277.2264951255956,197.96493418830838,496.0350810043062,356.63845398765085
curriculum_variable_gravity,390,10,336.1318188620563,223.60369981287562,471.81482841988094,332.8610526986882
curriculum_variable_gravity,400,10,306.769693276006,250.47130061705644,513.9047985565271,371.2086092453984
curriculum_variable_gravity,410,10,299.46470468051285,218.0710522675681,622.4973502654018,521.841091482939
curriculum_variable_gravity,420,10,353.46702072889593,256.41693439824496,595.1692058203905,491.3504263033454
curriculum_variable_gravity,430,10,441.03269442083047,286.40263531113453,831.0914305142561,555.8638328025806
curriculum_variable_gravity,440,10,1013.9741884864169,300.2563670515003,1236.9449932692858,830.0407873893284
curriculum_variable_gravity,450,10,469.9185536047501,290.01298489842185,1061.877570920969,668.4756926530332
curriculum_variable_gravity,460,10,841.6789554951624,367.665242081925,1206.9569073496423,839.7165142030547
curriculum_variable_gravity,470,10,1002.8489728679705,413.40522029728675,1177.322618914196,887.9052778435731
curriculum_variable_gravity,480,10,595.436223086692,415.1035572497261,1211.2237710195664,833.7229883472071
curriculum_variable_gravity,490,10,933.4324222706042,543.0208384810521,1527.212803543613,1036.5148059288
gradual_transition,0,11,-385.05900399109515,-397.9356383675696,-373.9824025017649,-385.9707095481223
gradual_transition,5,1,-337.02737462793294,-337.02737462793294,-337.02737462793294,-337.02737462793294
gradual_transition,10,10,-383.8245486499532,-387.98135130464505,-367.71648342359765,-382.72715631305783
gradual_transition,20,10,-367.0258579882631,-383.15414310985636,-355.1460842563752,-380.0895966170562
gradual_transition,30,10,-329.2283059174961,-358.4778182471946,-231.31865117857018,-300.8159775670919
gradual_transition,40,10,-138.996460491219,-349.39936935687984,12.07945962829158,-171.47174491962406
gradual_transition,50,10,-224.58199574729986,-360.5067336646353,-41.49565336008606,-218.42134859451272
gradual_transition,60,10,-114.10457629232555,-352.59045287815184,-75.07540295452824,-164.15097667845805
gradual_transition,70,10,-231.17648150331155,-292.74752875763215,-63.69808926521141,-207.16377675280955
gradual_transition,80,10,-147.20815748106756,-335.5894997984845,-8.101994353994687,-147.29704006687666
gradual_transition,90,10,21.02893527465217,-261.22611920340745,66.9206325420191,-76.94480674816317
gradual_transition,100,10,1.0543134672729915,-18.137319275657447,72.47501481953873,17.836524450544978
gradual_transition,110,10,-8.37498571510237,-50.8141287470276,87.7452465986128,-3.6439022167922928
gradual_transition,120,10,91.22483703096925,3.3339646840510406,207.37204519321068,113.74272933622326
gradual_transition,130,10,209.0337879074406,29.803191853097488,253.26024139507086,125.32722818530465
gradual_transition,140,10,57.75843675295607,-58.56303894755721,282.65971540509287,101.12933260129768
gradual_transition,150,10,100.82502977842982,-81.01669385149565,249.29871789725556,98.30239456353506
gradual_transition,160,10,7.791320426888036,-51.71648881386845,299.29470409508394,117.8456011607851
gradual_transition,170,10,208.42152588547128,41.02734347585162,261.8551729726842,155.88956324440724
gradual_transition,180,10,171.9367605033559,-8.806034885525166,226.74229385362491,88.27015448327991
gradual_transition,190,10,221.0678340746471,5.082756637341319,322.4897690146737,166.199297795792
gradual_transition,200,10,149.43030163179697,20.29074596729657,280.0058704631698,159.3866618254064
gradual_transition,210,10,222.84579273277984,28.3754523563765,384.58870343549006,217.4245308343189
gradual_transition,220,10,244.07217998527992,99.84893953740499,344.53516336223834,238.21156432399462
gradual_transition,230,10,90.94501106943923,-35.008664223001084,258.0640732306631,139.01041731985487
gradual_transition,240,10,171.42320721021366,42.492549869937015,377.5506748764702,195.5547098494508
gradual_transition,250,10,185.56385588779477,4.128777471990141,263.4082634484889,135.7332256566789
gradual_transition,260,10,202.83161598126676,16.31131129183779,281.2456317936018,159.0054377672888
gradual_transition,270,10,218.88426165176776,93.6469368226261,302.9019056011075,226.61774801069305
gradual_transition,280,10,158.0429217078596,100.24180329178401,386.61474422676565,269.06261671296625
gradual_transition,290,10,180.5809198397401,-36.73154962881374,371.83539633895225,164.94822679233752
gradual_transition,300,10,240.52933488160312,86.78975022735754,357.4288481379261,242.146096927307
gradual_transition,310,10,130.19504219633538,11.777782608285305,281.6453009577141,145.91911630736817
gradual_transition,320,10,339.6578424642946,192.5245651339367,621.5502297239758,477.79045313299514
gradual_transition,330,10,292.81190749231143,195.74329995897796,487.4190712726911,338.2444409197302
gradual_transition,340,10,362.282116776045,270.7944745205493,423.38206684921965,434.60418772426317
gradual_transition,350,10,434.18810787934206,260.74300897689034,585.8484396442553,590.5662819793035
gradual_transition,360,10,406.0835870495406,343.0784359540296,587.2551469122443,471.0342593891278
gradual_transition,370,10,433.1281715140303,412.8525704611687,762.2508432357981,542.8355165446926
gradual_transition,380,10,373.7144285161489,292.393360636231,498.60158874019373,543.1927960678144
gradual_transition,390,10,618.2745181381188,298.54340489739485,780.6496240796133,531.3091714585264
gradual_transition,400,10,607.9441524857157,451.73277025215043,944.3575372346695,648.1317168976101
gradual_transition,410,10,685.6132381006415,563.3443941849052,888.6848903102718,692.9131787556705
gradual_transition,420,10,736.0860394818247,482.6149023263773,1077.2488689191873,824.4336377505945
gradual_transition,430,10,870.9140878488649,681.6240678488697,982.8721082903717,898.5537442918318
gradual_transition,440,10,978.9518621951387,497.42712807893713,1160.2070601928542,890.3408927267723
gradual_transition,450,10,801.3265123915196,535.7356750900476,1101.377628798859,797.5994533142537
gradual_transition,460,10,1164.4458112631141,951.9429698997586,1303.5888585180942,1095.1314878003736
gradual_transition,470,10,974.7281477871229,559.4313700147366,1446.9304263309416,980.2254116881431
gradual_transition,480,10,1149.665976394482,831.1884716899751,1573.138912814245,1184.096051531395
gradual_transition,490,10,1089.1920762299626,937.2313634054613,1520.483584763403,1148.063629595314
staged_evolution,0,11,-385.05900399109515,-397.9356383675696,-373.9824025017649,-384.54767951296196
staged_evolution,5,1,-323.5342932855717,-323.5342932855717,-323.5342932855717,-323.5342932855717
staged_evolution,10,10,-383.8245486499532,-386.7957936552901,-367.71648342359765,-382.1900242320383
staged_evolution,20,10,-355.7261708854703,-380.25207242118216,-352.99342280941727,-363.7355778547138
staged_evolution,30,10,-339.47929346337673,-358.4778182471946,-275.81741129182797,-317.8193886900728
staged_evolution,40,10,-237.1211011827412,-354.1748103459783,12.07945962829158,-193.00684945356787
staged_evolution,50,10,-224.58199574729986,-349.826394634135,-41.49565336008606,-216.997303390446
staged_evolution,60,10,-114.10457629232555,-352.59045287815184,-75.07540295452824,-166.1244561690318
staged_evolution,70,10,-231.17648150331155,-301.434888090496,-63.69808926521141,-210.63872048595508
staged_evolution,80,10,-199.95035160426315,-366.6160904420341,-59.48416888380768,-183.99962026292283
staged_evolution,90,10,21.02893527465217,-261.22611920340745,66.9206325420191,-73.30716756499133
staged_evolution,100,10,1.0543134672729915,-18.137319275657447,143.1027000432219,35.91905507393194
staged_evolution,110,10,58.12474886780951,-62.90591212239799,138.83855842865316,32.786031674313655
staged_evolution,120,10,62.05109267794069,-56.91350717895983,170.98719490064113,51.0439647067507
staged_evolution,130,10,64.20867885496489,-74.48465597028898,186.19239439941276,48.515540848954664
staged_evolution,140,10,104.64646703002012,-82.03953576225902,206.235913267449,60.976463809815684
staged_evolution,150,10,113.73329960285068,-77.91578979368754,238.69799432147647,113.43897838018339
staged_evolution,160,10,156.77163380344976,40.7891162454957,221.8796311351021,129.5485455470733
staged_evolution,170,10,144.47068759680442,75.10895306733491,214.78456707053166,101.04624979739279
staged_evolution,180,10,134.25655618696948,101.88748372919963,175.9318256324756,114.52166230481302
staged_evolution,190,10,162.50481069446283,138.32643803369092,189.0001898927882,131.4708996004875
staged_evolution,200,10,176.98750868428093,61.33544886739257,189.89840027269457,145.98378674875772
staged_evolution,210,10,195.4678735574264,138.16444952835823,256.25565345114524,171.58242908034916
staged_evolution,220,10,179.64912243158676,161.9523282482386,217.1612546581309,184.9013686680146
staged_evolution,230,10,216.37814061507996,196.03537182579626,232.1545323651522,242.79367007767172
staged_evolution,240,10,182.785878565345,151.51753298781182,209.90686435514806,143.36503136190515
staged_evolution,250,10,175.91706001337815,112.46356764438661,233.6215639552511,202.870416025989
staged_evolution,260,10,199.07194280914348,164.66616235035585,212.8051107259458,173.22751980760523
staged_evolution,270,10,180.85183603068995,125.91496911186495,255.67015266063885,227.60906372717986
staged_evolution,280,10,197.2760358318144,187.13748667585813,217.23177465852746,250.37547807390553
staged_evolution,290,10,188.3293840900019,137.07679634579063,207.34334141773266,187.90345231855363
staged_evolution,300,10,193.98168255578696,157.31954064951782,242.97100008766813,195.7079783400784
staged_evolution,310,10,192.7796959022753,186.88059502228853,279.8356818928913,222.72101270991274
staged_evolution,320,10,188.80618098402348,163.67003853562878,292.3480577739486,237.36306440754507
staged_evolution,330,10,192.50483031907817,169.89333452561425,262.60040778290573,235.8304569560392
staged_evolution,340,10,284.77969844505486,157.86996749309932,792.6929384303936,474.0542083810416
staged_evolution,350,10,514.8744326798567,352.99763053804014,664.2090502055576,534.4522274983954
staged_evolution,360,10,528.983659669798,399.471417017629,887.6584065553811,690.9299995489115
staged_evolution,370,10,511.0839449902264,440.8253575687281,1127.7267852578896,702.0015133956205
staged_evolution,380,10,579.8776523062639,464.5995645087435,1182.9627574289163,748.1770213314476
staged_evolution,390,10,783.326860902533,555.2871272216603,1056.6600500235404,852.2107589960691
staged_evolution,400,10,788.7764209810949,709.6509772084272,1133.9275121401931,873.330678409158
staged_evolution,410,10,771.9740670460816,649.8076063867932,1560.4716616495925,966.2629269281144
staged_evolution,420,10,776.1620047850002,727.6043885533334,1327.5269581972382,910.3404977287195
staged_evolution,430,10,778.2865808770564,588.6987491204859,1255.6681056465786,847.637948856267
staged_evolution,440,10,802.3768578484896,721.4044779639628,1423.0517203109453,939.3519232118012
staged_evolution,450,10,873.6535488619154,636.312368153668,1314.506460340474,943.8738834119227
staged_evolution,460,10,873.3977192756304,773.6504576416022,1379.7534732285387,951.4038782407048
staged_evolution,470,10,897.3816159883343,610.5897720715006,1240.4367300298545,924.6275310997719
staged_evolution,480,10,994.0099721291942,625.0460919183946,1280.9081657600102,924.2726941380708
staged_evolution,490,10,966.1908642190731,568.2339393875836,1527.5386331288596,1031.4755928463824
multi_environment,0,1,-472.0679816713848,-472.0679816713848,-472.0679816713848,-472.0679816713848
multi_environment,5,1,-358.2966118884369,-358.2966118884369,-358.2966118884369,-358.2966118884369
adaptive_progression,0,11,-381.17620476977953,-390.99067607579605,-373.9824025017649,-382.5514778303774
adaptive_progression,5,1,-214.5644203720984,-214.5644203720984,-214.5644203720984,-214.5644203720984
adaptive_progression,10,10,-383.8245486499532,-387.98135130464505,-367.71648342359765,-385.1673005317565
adaptive_progression,20,10,-367.0258579882631,-383.15414310985636,-355.1460842563752,-371.81077969346876
adaptive_progression,30,10,-329.2283059174961,-358.4778182471946,-231.31865117857018,-305.08958520866906
adaptive_progression,40,10,-229.599978983286,-349.39936935687984,12.07945962829158,-189.59244861803745
adaptive_progression,50,10,-192.63184816290385,-311.82351860815396,1.8159540659260909,-183.05439588787306
adaptive_progression,60,10,-114.10457629232555,-358.5764631067843,-75.07540295452824,-177.0775224304939
adaptive_progression,70,10,-231.17648150331155,-303.9557686834024,-104.28647049869927,-217.05885688758272
adaptive_progression,80,10,-147.20815748106756,-335.5894997984845,12.176822503208399,-144.89718611170792
adaptive_progression,90,10,-70.30297048243563,-290.4365707681001,41.14110310884538,-115.69163568143861
adaptive_progression,100,10,-13.569046567451267,-121.70923109539407,65.78411287933008,-46.62725610886216
adaptive_progression,110,10,26.45370202373176,-25.30572625683728,107.41799664144935,15.541907900816156
adaptive_progression,120,10,-9.29036063783513,-111.76184072720224,107.19555063710806,13.26642515092907
adaptive_progression,130,10,64.20867885496489,-86.40548779401864,215.99488450574876,53.13526447282355
adaptive_progression,140,10,158.54325782014877,-94.69653829971415,206.99294028720163,73.82406551648027
adaptive_progression,150,10,57.51349598232612,-46.60774040514549,213.4172005111498,107.19467659439802
adaptive_progression,160,10,60.10050234314565,27.395224940530692,214.14488253847202,92.99768400134744
adaptive_progression,170,10,137.4565013725921,24.119269739099025,206.58119324630738,136.2962844079429
adaptive_progression,180,10,177.48617803047748,134.78261049516806,226.00476601233655,177.71090693717218
adaptive_progression,190,10,190.32178278566232,58.17734184795215,285.996681312393,180.41661057307905
adaptive_progression,200,10,69.07311892846971,-1.4664903725538845,176.90082336723177,122.12478239454285
adaptive_progression,210,10,132.6266288076087,106.19789178300557,280.4770930818938,166.5449134742999
adaptive_progression,220,10,191.49232924429896,150.40974948362208,237.05544051225468,198.10620626044567
adaptive_progression,230,10,186.25187799973529,121.39733131616414,253.29958187397875,181.8415523372748
adaptive_progression,240,10,189.94651496451286,133.0087859586164,342.01402745541054,230.4625421761172
adaptive_progression,250,10,201.15223800246378,152.65929449603524,328.4470930610833,244.05207349984926
adaptive_progression,260,10,212.8783800585226,124.5571507494441,303.5227013079608,244.6181094296964
adaptive_progression,270,10,216.5375399945263,180.56106514035326,296.97379689235976,256.59133626398364
adaptive_progression,280,10,221.3965791728399,189.66272974077796,562.9921285032145,369.49084500742254
adaptive_progression,290,10,517.4460009070472,264.60299587956644,822.0747891757691,557.7389139713146
adaptive_progression,300,10,426.663824388571,237.7464801148775,779.8346155037539,527.3646976929574
adaptive_progression,310,10,521.2566486182786,263.1890948452363,848.7599998957585,656.3932661910064
adaptive_progression,320,10,664.3095288538871,334.0029958635112,954.4740059895204,678.7636400022692
adaptive_progression,330,10,558.0450662450235,305.6856078866273,946.7831469140823,655.2577094848054
adaptive_progression,340,10,513.3994725751195,304.56219198759175,740.9944777161608,560.4191570923252
adaptive_progression,350,10,711.8507846697391,463.50113081172105,1094.2506562493118,841.7064226941293
adaptive_progression,360,10,712.5782487707236,309.67179027840064,1104.5820026442989,794.9127702364351
adaptive_progression,370,10,614.46389949633,485.54035658910857,1078.681302715366,847.1546591018865
adaptive_progression,380,10,455.8327554666422,395.0679413098618,991.443835668128,667.7311598499414
adaptive_progression,390,10,732.8890105673722,529.5081575289623,1068.0709039125734,874.6987012344829
adaptive_progression,400,10,723.3345630666704,630.738647816329,1444.7340448224559,965.7052325784349
adaptive_progression,410,10,811.9591111841522,547.9293352806183,1309.6248897097753,910.8753024637956
adaptive_progression,420,10,896.5999617736898,662.0006666145673,1277.7327042966278,992.8601009001911
adaptive_progression,430,10,814.5039170592977,687.4799776427271,1227.2215686992215,999.0199504823629
adaptive_progression,440,10,897.3381778029807,662.1926502858038,1064.3189615217536,943.2040691311526
adaptive_progression,450,10,1205.284211384024,691.2787466131834,1386.7712146420156,1088.7244743289248
adaptive_progression,460,10,1005.9038191026679,682.866439334318,1586.2600156746005,1108.806766238297
adaptive_progression,470,10,893.2445474030252,780.0936248992795,1381.9805825960043,1039.9179430236168
adaptive_progression,480,10,942.720873684497,740.9043126232451,1150.5969520300685,962.7498090755482
adaptive_progression,490,10,1112.4341150143655,840.843381490951,1334.5245844839492,1148.5658602680448
archive_based,0,11,-379.8622607703958,-390.99067607579605,-367.6957866552649,-380.4023927296267
archive_based,5,1,-214.5644203720984,-214.5644203720984,-214.5644203720984,-214.5644203720984
archive_based,10,10,-378.02528956286255,-386.6528839896911,-365.3362852831877,-364.9476440168531
archive_based,20,10,-367.0258579882631,-383.15414310985636,-355.1460842563752,-372.3729209999717
archive_based,30,10,-351.0643921346543,-388.51014229702946,-275.81741129182797,-335.4699414249309
archive_based,40,10,-206.96142978001365,-349.39936935687984,12.07945962829158,-185.06473877738298
archive_based,50,10,-224.58199574729986,-421.7133756437423,-41.49565336008606,-226.58223419172697
archive_based,60,10,-114.10457629232555,-337.1865465431648,-75.07540295452824,-162.24516549134563
archive_based,70,10,-231.17648150331155,-308.993453280886,-104.28647049869927,-218.2485986960848
archive_based,80,10,-147.20815748106756,-335.5894997984845,12.176822503208399,-153.55896797075894
archive_based,90,10,9.01431659476619,-266.0811836701596,41.14110310884538,-90.08602342682202
archive_based,100,10,-13.569046567451267,-158.79471020932243,65.78411287933008,-61.85455670247101
archive_based,110,10,26.45370202373176,-60.80928872041565,107.41799664144935,10.043055318507095
archive_based,120,10,-9.29036063783513,-88.52969454229586,107.19555063710806,26.502289597795333
archive_based,130,10,64.20867885496489,-242.2552381936788,215.99488450574876,22.70984927757165
archive_based,140,10,82.50541955437839,-102.72058336306623,206.99294028720163,55.406879837985365
archive_based,150,10,57.51349598232612,-32.17145365525552,213.4172005111498,111.16040519651229
archive_based,160,10,60.10050234314565,27.395224940530692,214.14488253847202,112.83344929273093
archive_based,170,10,147.77531778763586,-57.463530233235964,206.58119324630738,134.77831547553643
archive_based,180,10,202.22019974599795,152.80184349769755,228.09065698383876,151.9660193786915
archive_based,190,10,198.14738384656843,58.25676803391894,290.7021047872348,184.11935086688428
archive_based,200,10,88.16179406485529,20.99365331110502,192.1844361282513,138.5097039027737
archive_based,210,10,235.87591086548167,79.63729016994073,318.7418529209683,197.3803432175001
archive_based,220,10,231.6550652648599,150.40974948362208,302.7013981597132,232.4818082066876
archive_based,230,10,230.72311689225904,124.2131548766115,322.45071853729235,229.13730745447734
archive_based,240,10,208.44599967577528,112.8084691122621,362.4305889078695,245.23667618818052
archive_based,250,10,212.59062012540397,169.86753569928607,395.00280023618416,271.23165017669686
archive_based,260,10,191.88230037491135,130.30276671873472,283.49234383927006,256.495818939682
archive_based,270,10,229.51301611518093,192.31384790597994,402.6139511538997,276.36163253961723
archive_based,280,10,352.7501686891654,133.6413160188295,400.51729575271406,289.5680185939058
archive_based,290,10,363.756362503893,168.9370921238251,566.112849463474,467.77229017029356
archive_based,300,10,358.6763150622212,171.30561926722473,618.0286934342485,447.370014157883
archive_based,310,10,589.1652910180626,263.26342684523036,806.8763635629596,592.6060651339462
archive_based,320,10,733.7169100109174,265.8168332927606,837.3181615305624,608.9243493690059
archive_based,330,10,846.7854508825981,294.4840100473645,1131.5096280075782,771.5304082463641
archive_based,340,10,585.0928008914971,277.03339384072723,1015.0824033248089,687.6680076478633
archive_based,350,10,819.9449359587741,482.57242747789275,1069.270056727083,791.4399677682916
archive_based,360,10,826.7596302361519,369.50635667981754,1041.3074981515963,807.1021149965112
archive_based,370,10,765.0009236408553,399.9268332326674,1279.262901558399,857.8281316951094
archive_based,380,10,893.689062241487,519.0406336209528,1444.9491122791576,992.3012550504006
archive_based,390,10,828.7966232545341,539.0897052044004,1357.2228929718167,951.0894433634912
archive_based,400,10,889.044243358616,533.7983848052857,1364.683639932733,967.1230863895647
archive_based,410,10,1015.6415768970007,521.4100120248935,1276.6223230251264,920.006389153059
archive_based,420,10,824.0699779343965,638.6814660279294,1220.4685644735023,974.2394353650877
archive_based,430,10,1137.7431796785916,658.5038923778541,1513.5199056896195,1024.4177754620125
archive_based,440,10,921.6588661004537,574.8024773166769,1389.4411707822194,986.0831911795282
archive_based,450,10,1075.3736334608716,621.1656879741588,1458.4808977415619,1049.60434985395
archive_based,460,10,1316.5375665099,714.9134987664729,1442.2896780394444,1118.7239344955924
archive_based,470,10,1283.930688081636,723.2826730112479,1418.6536108312907,1110.1562739345961
archive_based,480,10,1027.7214171126232,676.7699334046943,1584.1405065007752,1068.8288129726695
archive_based,490,10,1161.521422477184,705.5242165610443,1687.4077724074489,1122.5771995057944
