gen,best,mean,sigma,penalty_scale,correction_scale,elapsed_s
0,-49.68212074175261,-69.60135078853922,0.4905618296546842,0.2,0.0,1.6043636798858643
1,-52.80070316297846,-69.77245317323818,0.4823433269348298,0.20400000000000001,0.0025,0.1995539665222168
2,10.068360025640526,-65.10804420144676,0.4752432596343592,0.20800000000000002,0.005,0.19613218307495117
3,-28.377463037158567,-63.52130996326533,0.46869691467537095,0.21200000000000002,0.0075,0.26894712448120117
4,-29.122801406069943,-61.89639023768318,0.4627774260489695,0.21600000000000003,0.01,0.2417736053466797
5,-14.095443148147178,-56.6342508357712,0.45726000496450475,0.22000000000000003,0.0125,0.29758787155151367
6,-19.40473483745667,-65.30397261567921,0.4522104019546866,0.224,0.015,0.27773475646972656
7,-5.5842754527792655,-59.63316178693187,0.4477068938035027,0.228,0.0175,0.2959859371185303
8,66.16202801428678,-49.36164941831885,0.44361012704519354,0.232,0.02,0.30643606185913086
9,144.2350530096381,-41.53733134750915,0.43979135923361257,0.23600000000000002,0.0225,0.37607598304748535
10,138.31531052126164,-42.44353639470814,0.4363385275194851,0.24000000000000002,0.025,0.36147379875183105
11,146.71129088110604,-6.239183811630954,0.4331489843028664,0.24400000000000002,0.0275,0.4356231689453125
12,136.87219881587382,-13.792942188350462,0.43022668021328986,0.248,0.03,0.4142422676086426
13,147.66458076996233,12.477839777526196,0.4276770899250414,0.252,0.0325,0.45136308670043945
14,141.81498747842042,-5.310511682019509,0.42526835922312045,0.256,0.035,0.4543030261993408
15,153.83577725622547,15.32618435405056,0.4231521753364847,0.26,0.0375,0.5400888919830322
16,161.06812264571417,22.23788767031456,0.42100473121044857,0.264,0.04,0.5077731609344482
17,156.51425030335454,11.049720938377632,0.41898014151089685,0.268,0.0425,0.5113430023193359
18,143.84461235419874,30.72086641251393,0.4169646718179576,0.272,0.045,0.546159029006958
19,146.7316308619175,23.80195441894677,0.4148948971799716,0.276,0.0475,0.46735429763793945
20,148.55788281264248,10.932598066690584,0.412982328484582,0.28,0.05,0.5304586887359619
21,152.00210020320102,41.79627687837994,0.4113379438995861,0.28400000000000003,0.0525,0.5828971862792969
22,146.73014701760516,19.37393100986036,0.4099283566282226,0.28800000000000003,0.055,0.4655179977416992
23,145.49944907092245,50.779389970559386,0.40845408700511865,0.29200000000000004,0.0575,0.5602390766143799
24,143.96917522615297,45.304719996021994,0.40720855014401397,0.29600000000000004,0.06,0.6176340579986572
25,144.94907330977455,30.22595367164455,0.4060294787597104,0.30000000000000004,0.0625,0.5611660480499268
26,153.0546142843116,79.49416956700223,0.4049477987029296,0.30400000000000005,0.065,0.684589147567749
27,168.62635164061996,59.540045807001505,0.40397424049703035,0.30800000000000005,0.0675,0.6776480674743652
28,163.44595017409054,72.80073635257872,0.40303361829096135,0.31200000000000006,0.07,0.7420217990875244
29,149.65449201057334,61.89217337637791,0.40236757472537604,0.316,0.0725,0.7822911739349365
30,146.73030410275157,75.00334529949937,0.4017489617492896,0.32,0.075,0.766329288482666
31,144.50729411402733,101.21320893327474,0.40108114613714196,0.324,0.0775,0.7209229469299316
32,158.04230728029643,29.22118966553119,0.40039629708881325,0.328,0.08,0.8637378215789795
33,178.36375272415683,67.8392292081524,0.3996358325509552,0.332,0.0825,0.7980308532714844
34,155.30545421318774,71.95156701715753,0.39891501343453223,0.336,0.085,0.8435378074645996
35,157.15607974801355,44.958528589566434,0.39821194613968197,0.33999999999999997,0.0875,0.7223999500274658
36,157.7408572989751,58.873785965321964,0.39732758039617133,0.344,0.09,0.8708009719848633
37,171.3137636815463,13.596605668041112,0.3965889479585151,0.348,0.0925,0.9026930332183838
38,188.585319995381,50.58463682313616,0.39610351355872425,0.35200000000000004,0.095,0.8254420757293701
39,153.01253736547423,68.2523840739561,0.39591589390630905,0.35600000000000004,0.0975,0.8526949882507324
40,157.72982272161303,52.650722418206115,0.39568462317341463,0.36000000000000004,0.1,0.9802107810974121
41,164.95386328101338,45.27753617406434,0.3957424169542652,0.364,0.1025,0.8859822750091553
42,167.33826830497944,70.9460723753546,0.3958387698985446,0.368,0.105,0.8656129837036133
43,146.9212788076743,91.05095830086903,0.39588919280458634,0.372,0.1075,0.7900660037994385
44,190.622168911949,99.75980363902431,0.3960391394708158,0.376,0.11,0.8138439655303955
45,157.9137425448754,51.76595809967968,0.39600140248325405,0.38,0.1125,0.9340128898620605
46,191.24025451361445,60.99106095852903,0.39586369390782994,0.384,0.115,0.9492249488830566
47,163.8673566350726,37.8109530493944,0.39572231825777293,0.388,0.1175,1.0165081024169922
48,194.2123220835468,112.68448187956108,0.39565590917358134,0.392,0.12,0.9906508922576904
49,179.85071069130768,42.326104078734566,0.39563584417706005,0.396,0.1225,0.9877419471740723
50,193.95314376240694,65.64786977815399,0.3956297421672852,0.4,0.125,1.1943590641021729
51,222.2553780918023,35.301761012131486,0.3955019259983365,0.404,0.1275,1.0742919445037842
52,255.53524772977016,72.1983927575859,0.3953867819195805,0.40800000000000003,0.13,1.069406270980835
53,234.10758530165114,73.08153153101696,0.3954031051532586,0.41200000000000003,0.1325,0.9986820220947266
54,222.75491535550336,76.4806920872765,0.39541349512541285,0.41600000000000004,0.135,1.0446431636810303
55,207.11264442484173,47.13597679536024,0.39543834204753536,0.42000000000000004,0.1375,1.0590732097625732
56,237.9088158034383,71.53498858830551,0.3954455518921896,0.42400000000000004,0.14,1.1561119556427002
57,217.82186318406352,32.63627403590625,0.39531134436620413,0.428,0.1425,0.9760739803314209
58,279.77416882338287,18.027149084269617,0.395237631571361,0.432,0.145,1.3252861499786377
59,211.9761146235671,61.64729468147918,0.3950879193753124,0.436,0.1475,1.0842108726501465
60,260.34805098368696,35.86856420000355,0.3950367166915799,0.44,0.15,1.1792912483215332
61,239.9618101812971,-0.8733156845055448,0.39500140570850345,0.444,0.1525,0.9073660373687744
62,188.61243732633102,73.68850093947043,0.3949937857627238,0.448,0.155,1.0522501468658447
63,191.84066386303255,47.714586516995965,0.3951260059462656,0.452,0.1575,1.2582557201385498
64,179.3414025234614,90.6104931492609,0.3952892310592002,0.456,0.16,1.0913021564483643
65,223.00411941998357,81.36886799270931,0.39524842795264026,0.46,0.1625,1.362191915512085
66,213.41070590845288,65.07502293369089,0.39519224356441957,0.464,0.165,1.0620930194854736
67,215.02883681808348,60.85811286781135,0.39500592704911713,0.468,0.1675,1.0828838348388672
68,264.11950649297313,97.92668001894965,0.3949205821533674,0.47200000000000003,0.17,1.412121057510376
69,231.6387218774136,85.1570292647171,0.39506102797644865,0.476,0.1725,1.3120160102844238
70,242.47556699213587,90.19922748663082,0.39538391730846856,0.48,0.175,1.1015560626983643
71,231.70038185617355,78.04278918969847,0.39575484902690716,0.484,0.1775,1.3464100360870361
72,218.51938663773993,95.21056608899428,0.3961043634538593,0.488,0.18,1.461379051208496
73,265.0054381523283,109.27091043138428,0.3964498277113227,0.492,0.1825,1.3885650634765625
74,305.30148116360397,94.82480843492294,0.39664357054365135,0.496,0.185,1.605078935623169
75,276.3122688390326,91.3902184032275,0.3966861829968339,0.5,0.1875,1.8543601036071777
76,280.9765983307439,75.7849142506368,0.39678035539137974,0.504,0.19,1.681947946548462
77,251.30598661301292,81.60792239330875,0.3968832695201161,0.508,0.1925,1.9948012828826904
78,353.6776471326438,99.1178263496685,0.3970641019449434,0.512,0.195,1.9579901695251465
79,215.71411418436642,108.33986681167289,0.39719991802850757,0.516,0.1975,2.0211498737335205
80,278.8474936525209,118.15599104461614,0.39736568784197895,0.52,0.2,2.35992693901062
81,318.0426314071382,127.13148352022492,0.39756055417420516,0.524,0.2025,2.3382041454315186
82,323.810644920789,159.4859351562775,0.39783771381168237,0.528,0.205,2.559922218322754
83,283.77370136406466,128.06274652074958,0.3981617596648984,0.532,0.2075,2.4597020149230957
84,362.2407462858528,141.02609792063726,0.39839610835690664,0.536,0.21,2.457314968109131
85,263.6229583489674,111.03651942231572,0.3984605092330071,0.54,0.2125,2.066957950592041
86,288.45426278655395,120.87489939080703,0.39849923244944935,0.544,0.215,2.2303237915039062
87,299.40662387068113,124.26234318312004,0.3985964856469375,0.548,0.2175,2.198702096939087
88,326.8205680218084,117.79525075696874,0.39867949577135975,0.552,0.22,2.0937020778656006
89,304.6598924111651,127.30571195043994,0.39894807468520727,0.556,0.2225,1.9461820125579834
90,271.8515043195127,146.1037680040888,0.39907005004042356,0.56,0.225,2.2537760734558105
91,334.18401762345326,118.4433083882108,0.39920759542607287,0.5640000000000001,0.2275,2.2100768089294434
92,343.3063730544242,133.68497620015307,0.3993371360626544,0.5680000000000001,0.23,1.7969958782196045
93,329.8798562835054,97.68303245672938,0.39956272474653,0.5720000000000001,0.2325,1.7481112480163574
94,275.3664141476001,94.02913764040629,0.39978744257292653,0.5760000000000001,0.235,1.707651138305664
95,289.61535939243663,111.18519286264709,0.4001442686306163,0.5800000000000001,0.2375,1.6995868682861328
96,384.5589904361023,133.11513938811498,0.4004112513840443,0.5840000000000001,0.24,1.8666608333587646
97,297.33518082627586,127.47288475093316,0.4006261482680845,0.5880000000000001,0.2425,1.9566190242767334
98,294.7185882017324,127.12097821262482,0.40095272799175324,0.5920000000000001,0.245,2.093687057495117
99,304.79225124565204,126.05188141957515,0.4012489231067021,0.5960000000000001,0.2475,2.4828202724456787
100,272.3618434270364,92.33806509782039,0.4014653235924368,0.6000000000000001,0.25,2.4323110580444336
101,323.304093823762,159.31668267367536,0.4016541324991263,0.6040000000000001,0.2525,2.420919895172119
102,341.31718512475356,154.246592349231,0.40168979306592834,0.6080000000000001,0.255,2.0613250732421875
103,332.7364974767354,141.498600835106,0.40165902014095145,0.6120000000000001,0.2575,1.576848030090332
104,405.76385096926106,144.01339353589873,0.40166047034250907,0.6160000000000001,0.26,1.7685322761535645
105,342.1071681136919,158.67434841860853,0.40170147487253705,0.6200000000000001,0.2625,1.833103895187378
106,317.6022934701443,140.5413444082879,0.4017357121026307,0.6240000000000001,0.265,1.7195079326629639
107,338.57260630607834,95.70728030485546,0.40179144792702964,0.6280000000000001,0.2675,1.4270908832550049
108,447.656482495439,149.27416078406281,0.40162245485964565,0.6320000000000001,0.27,1.77817702293396
109,340.8161457196814,131.79925317314542,0.4015638401139785,0.6360000000000001,0.2725,2.0929181575775146
110,383.2734594507312,133.3261792058285,0.40146029392353044,0.6400000000000001,0.275,2.1590211391448975
111,353.46323757705335,134.93154413959456,0.4014866172546684,0.6440000000000001,0.2775,1.6345100402832031
112,307.1446442290954,120.48553824130468,0.40149577163082045,0.6480000000000001,0.28,2.037562847137451
113,360.0564019177844,49.08723380866125,0.40146571503144757,0.6519999999999999,0.2825,1.689439058303833
114,342.69421444401013,127.4605189498968,0.40159077148562466,0.6559999999999999,0.285,2.120882034301758
115,364.34154723928356,152.7767862754735,0.40181783563116313,0.6599999999999999,0.2875,2.0087358951568604
116,407.207814858659,171.59100404402656,0.4020367056922242,0.6639999999999999,0.29,2.0342020988464355
117,345.88971890894464,146.02835088772608,0.40219775884201225,0.6679999999999999,0.2925,1.9053318500518799
118,440.1182529698051,126.64845742142822,0.40245119422758785,0.6719999999999999,0.295,1.7951469421386719
119,360.9259503776345,127.35417058636645,0.40270396915114176,0.6759999999999999,0.2975,1.8324360847473145
120,393.2030582067896,163.78155638882572,0.40297539108677083,0.6799999999999999,0.3,1.9800231456756592
121,342.99532818787293,166.63661630180962,0.4031666077565927,0.6839999999999999,0.3025,2.4481489658355713
122,309.2055038593894,153.18552340089968,0.4034715888635331,0.688,0.305,2.126890182495117
123,413.6919586683085,205.28536635182772,0.40372387959781525,0.692,0.3075,2.4981689453125
124,398.8464374730709,160.00913058015914,0.40403027063089336,0.696,0.31,2.3748397827148438
125,382.3697525203327,182.00794322972834,0.40439451779727764,0.7,0.3125,2.223555088043213
126,390.5586274533328,193.26851990532276,0.4046525905887076,0.704,0.315,2.3411381244659424
127,406.97682926050874,208.23474307862497,0.4048588973897996,0.708,0.3175,2.364717960357666
128,392.6813542792275,236.052302225358,0.4050037576701471,0.712,0.32,2.4295248985290527
129,381.4489803549427,154.13163589128186,0.40520894115898387,0.716,0.3225,2.0917699337005615
130,449.8321362655952,191.5974963708285,0.4054996573412471,0.72,0.325,2.28534197807312
131,435.20354762360375,208.78953258361662,0.40590942526441354,0.724,0.3275,2.316443920135498
132,387.7414580993593,204.26434509753113,0.406336676008492,0.728,0.33,2.639096975326538
133,401.8125621676297,162.86605046738381,0.4067304935044315,0.732,0.3325,2.0344607830047607
134,363.2186970720297,205.73254012430152,0.4069399988145918,0.736,0.335,2.1270971298217773
135,428.7392961786181,175.6299545250864,0.40702566290423964,0.74,0.3375,2.1364529132843018
136,387.83127680212857,156.89841977996076,0.40715869269225424,0.744,0.34,2.2252259254455566
137,384.7727015660809,109.43067224741321,0.4072633941453514,0.748,0.3425,2.003002882003784
138,385.2521013782098,135.44758022028233,0.4072757007434504,0.752,0.345,1.6512529850006104
139,384.24362661127935,172.46810216874346,0.40730695119782134,0.756,0.3475,2.095961093902588
140,423.52143221565075,175.3086667780621,0.40754497113081245,0.76,0.35,2.2106807231903076
141,416.66110190285195,189.63567032668794,0.40780556264928985,0.764,0.3525,2.775318145751953
142,378.19305737131367,158.58162775008708,0.4079081984018071,0.768,0.355,2.3362619876861572
143,369.0831838843785,180.76615073366278,0.4079876566832433,0.772,0.3575,2.182598114013672
144,397.4937780854955,216.71857781474827,0.4081484046363671,0.776,0.36,2.2450387477874756
145,425.3889400592669,130.29868474882113,0.4082971200038051,0.78,0.3625,1.984668254852295
146,386.3384033238794,168.75780046737367,0.4085741759375827,0.784,0.365,2.536865711212158
147,507.2335207381088,186.24332548038956,0.40882937314118317,0.788,0.3675,2.8432393074035645
148,455.4609255986458,165.32804133031735,0.40913747355146873,0.792,0.37,2.1546449661254883
149,432.29381398210757,165.11384492344993,0.4094004216999511,0.796,0.3725,2.0635828971862793
150,373.4098013544649,224.08428483576873,0.4096968124321165,0.8,0.375,2.7882659435272217
151,388.96566137898685,121.11345256250188,0.40985718321635206,0.804,0.3775,2.1856441497802734
152,456.3128445780779,145.80892888486363,0.4099230211366898,0.808,0.38,2.168922185897827
153,428.975455372423,187.35372529120156,0.4101664146889146,0.812,0.3825,2.7103590965270996
154,361.95513979635166,184.84640321028428,0.41033604768568044,0.8160000000000001,0.385,2.7981090545654297
155,410.63779475841164,195.98564532418334,0.4105005172328002,0.8200000000000001,0.3875,2.5459611415863037
156,462.49607351346094,182.19685142627796,0.4106180351472917,0.8240000000000001,0.39,2.5497453212738037
157,440.7644384155736,281.1517954362195,0.4107850396052167,0.8280000000000001,0.3925,2.8642020225524902
158,411.64422934770374,227.57330613768127,0.4110545641869511,0.8320000000000001,0.395,2.9711480140686035
159,427.3012965769289,210.35884263901934,0.4115496770342107,0.8360000000000001,0.3975,2.581998109817505
160,390.81161362031895,198.55747650011077,0.4121667686367047,0.8400000000000001,0.4,2.7725419998168945
161,358.1018763220486,171.67222257517642,0.4126720273309388,0.8440000000000001,0.4025,2.615428924560547
162,385.48859086912097,148.41188797442138,0.41320898666395023,0.8480000000000001,0.405,2.3758368492126465
163,352.6115470297685,174.3781435643437,0.4137178965288034,0.8520000000000001,0.4075,2.732426881790161
164,486.7715666037296,184.60721834100102,0.41416968282934025,0.8560000000000001,0.41,2.174043893814087
165,416.0320001406878,263.6876313585377,0.4144805164931237,0.8600000000000001,0.4125,2.6380159854888916
166,442.73628012310957,227.88738406828148,0.4147200531908921,0.8640000000000001,0.415,2.749998092651367
167,414.1141929435411,161.74817297996668,0.41496312004491787,0.8680000000000001,0.4175,2.760417938232422
168,475.09914933020565,203.0884958504701,0.4150822450345787,0.8720000000000001,0.42,2.398258924484253
169,408.65147899237496,126.09189131160383,0.4152032188272864,0.8760000000000001,0.4225,2.7213687896728516
170,428.2378405244985,205.0796937298479,0.41563711909599343,0.8800000000000001,0.425,2.725182056427002
171,431.9936598014117,258.5703426942902,0.4160165985209358,0.8840000000000001,0.4275,2.737082004547119
172,434.80131964548474,244.8427055267006,0.4164186807932783,0.8880000000000001,0.43,2.9447131156921387
173,482.2526579065307,250.04846491478946,0.4167875207661259,0.8920000000000001,0.4325,3.0409653186798096
174,482.749061287492,218.52483313190424,0.4173296463470789,0.8960000000000001,0.435,2.7521309852600098
175,474.09164026892813,232.3825917791295,0.4178578188009968,0.9000000000000001,0.4375,3.1998350620269775
176,413.38098244182896,221.6818104579301,0.4183504903665243,0.9040000000000001,0.44,2.990341901779175
177,432.73640207913166,218.88958502172073,0.41869096133194744,0.9080000000000001,0.4425,2.6546411514282227
178,385.3748873737297,250.96079547347182,0.41919375173584944,0.9120000000000001,0.445,2.830418825149536
179,450.2055080595157,245.350978329918,0.41954954139815576,0.9160000000000001,0.4475,2.730968952178955
180,439.0157270834598,214.45176252020275,0.41998215643962405,0.9200000000000002,0.45,2.636707067489624
181,424.3948540317246,164.82508978390462,0.42057023084105644,0.9240000000000002,0.4525,2.2807071208953857
182,451.3984640831848,190.76154547660727,0.4211613628979695,0.9280000000000002,0.455,2.250951051712036
183,415.8662666345092,232.3402553973329,0.4217192147429547,0.9320000000000002,0.4575,2.892819881439209
184,484.9746947136288,185.89958530273861,0.4222708940881132,0.9360000000000002,0.46,2.6787772178649902
185,437.3882346638565,245.34115688883472,0.422911755738543,0.9400000000000002,0.4625,2.4884989261627197
186,400.88391172755126,167.081298689259,0.4233024731894013,0.9440000000000002,0.465,2.3782689571380615
187,424.8348174482557,179.81698951846428,0.4235673136573331,0.9480000000000002,0.4675,2.449059009552002
188,405.0778631120604,249.98282890774098,0.42372806676683544,0.952,0.47,2.593196153640747
189,430.1656271703377,215.25846477357572,0.42395392166935086,0.956,0.4725,2.6333370208740234
190,429.0686833880498,189.12625095449084,0.42408190256518047,0.96,0.475,2.2874248027801514
191,468.7049521705053,210.90981628070477,0.4244045313397259,0.964,0.4775,2.579742908477783
192,397.3866559893739,259.9281660126095,0.42459719995995704,0.968,0.48,2.8505070209503174
193,437.4833241878958,197.18817255122812,0.4248384484561006,0.972,0.4825,2.463848829269409
194,450.52150424429857,199.38733050136562,0.4252877041759043,0.976,0.485,2.5611069202423096
195,485.42075053161125,231.03191505298554,0.4256449618915227,0.98,0.4875,2.8724308013916016
196,496.42458076663394,238.3651868711125,0.42588332260146977,0.984,0.49,3.0179851055145264
197,452.946930330512,217.46687402204566,0.4260276149687263,0.988,0.4925,2.8563129901885986
198,436.36893822627644,166.75487410038713,0.4260421307317713,0.992,0.495,2.4673080444335938
199,403.84631221543344,205.86542077887015,0.4259315826768251,0.996,0.4975,2.7271029949188232
200,414.9242402731517,208.1200184363673,0.4257592853090414,1.0,0.5,2.275686740875244
201,438.90038556128053,214.44133118678064,0.4256364116444992,1.0,0.5,2.50976300239563
202,429.735075050457,217.84904157042655,0.42551612212423595,1.0,0.5,2.960376024246216
203,513.8201864612521,197.02315913670344,0.42540253029703007,1.0,0.5,2.8047428131103516
204,440.5233499418762,204.94511074221177,0.42549437238636567,1.0,0.5,2.757349967956543
205,450.2540122753749,193.73369395486637,0.4254883419946594,1.0,0.5,2.467465877532959
206,444.28654131288295,182.29335853407048,0.42551807869231456,1.0,0.5,2.2899420261383057
207,485.4129211838031,206.0353023191339,0.4255593236664148,1.0,0.5,2.382415294647217
208,514.1824224625387,218.59466028557335,0.4255907437180733,1.0,0.5,2.3150908946990967
209,492.1430677485641,201.51486505845824,0.425570504754955,1.0,0.5,2.9617998600006104
210,453.39722477234494,180.1779885279124,0.42567848679286174,1.0,0.5,2.365457773208618
211,470.4802303107929,186.92607985947552,0.42563572538922817,1.0,0.5,2.285203218460083
212,425.79071021313274,258.29119307753325,0.42544700004863784,1.0,0.5,2.7454071044921875
213,413.4783005953193,205.80010144265208,0.42536434074340335,1.0,0.5,2.3211090564727783
214,530.8611384836877,212.1967910895524,0.4252987932388517,1.0,0.5,2.5398879051208496
215,490.01359728704114,202.9161377512361,0.4252429533429714,1.0,0.5,2.633780002593994
216,447.24761930022333,210.1350009898083,0.4251040304547974,1.0,0.5,2.638831853866577
217,419.545038309743,198.5099424074828,0.42503704409705656,1.0,0.5,2.609635829925537
218,474.6956087471031,252.83350318991938,0.425104829524742,1.0,0.5,2.8641369342803955
219,431.71132622608417,219.51085636446425,0.425214494565255,1.0,0.5,2.9472622871398926
220,499.5640900213187,164.52319199244047,0.42527503800229643,1.0,0.5,2.4058101177215576
221,466.3969007815834,219.01442004304417,0.4253732879730707,1.0,0.5,2.437177896499634
222,437.26089649063016,226.55356554347955,0.42554218363187846,1.0,0.5,2.797469139099121
223,433.3900687806807,261.52317571482337,0.4258892979061831,1.0,0.5,2.7940478324890137
224,422.9347380359737,247.14182979140145,0.42630476669141515,1.0,0.5,2.801851749420166
225,453.45394069877375,226.82582016336573,0.4266954083683563,1.0,0.5,3.1105899810791016
226,484.8906334721996,264.5661022400562,0.42703648542108735,1.0,0.5,3.103311777114868
227,507.4738428717578,232.051124066004,0.42731206392418974,1.0,0.5,2.784630060195923
228,508.8195643970589,240.5893099812168,0.4276017078540564,1.0,0.5,2.959205150604248
229,454.4895210900648,219.0875881292431,0.42798119603846435,1.0,0.5,3.2030739784240723
230,489.7234616849237,279.0150443857069,0.42840655860536914,1.0,0.5,3.07989501953125
231,555.2283604878357,256.2503927959764,0.42860211898382594,1.0,0.5,3.011207103729248
232,495.5948366608879,238.22804269651175,0.42898285449763435,1.0,0.5,2.6911299228668213
233,460.1119237898934,243.215561477728,0.4292959904325683,1.0,0.5,2.696439027786255
234,455.3263821753898,236.89429758869665,0.4295429493545479,1.0,0.5,2.827721118927002
235,440.0111838562568,201.40319830800968,0.42968193564060775,1.0,0.5,2.5539069175720215
236,462.41038290330886,175.59718265988414,0.42972050462502775,1.0,0.5,2.619926929473877
237,566.0078271166211,237.68578355835672,0.4296539034600757,1.0,0.5,2.581550121307373
238,477.28063865790733,190.9676254131,0.429447462029976,1.0,0.5,2.940753221511841
239,552.8954954190746,285.3338929385141,0.4292762576502786,1.0,0.5,2.7460169792175293
240,505.8523874999616,229.62132136342188,0.42910421827185924,1.0,0.5,2.750581979751587
241,462.4567382440044,243.99103147324536,0.4288849966272476,1.0,0.5,2.4735958576202393
242,570.649025335727,239.59584184831738,0.42871212835072386,1.0,0.5,2.5256190299987793
243,487.2252958963815,213.64554523537703,0.42866298253639074,1.0,0.5,2.845442056655884
244,563.6606646944161,175.54929909292588,0.42879439118151524,1.0,0.5,2.6886050701141357
245,473.56773962896585,194.64886351334175,0.42894358939416416,1.0,0.5,2.3020920753479004
246,531.2790707105436,100.78361417263014,0.4290986195000897,1.0,0.5,2.179316997528076
247,621.5673191494657,208.1771181880885,0.4293717404956799,1.0,0.5,2.5143001079559326
248,630.3184357948885,174.195646083324,0.4297236927387232,1.0,0.5,2.1617000102996826
249,546.2210415352258,187.22031834223137,0.43026006673207184,1.0,0.5,2.677489995956421
250,557.8385229331976,116.45643904472297,0.43081813178954903,1.0,0.5,2.326308250427246
251,661.4034643283502,160.56776278689853,0.4313619372034415,1.0,0.5,2.4369399547576904
252,532.056666979062,203.17218186113928,0.4316709023720752,1.0,0.5,2.3358027935028076
253,508.7028791705928,221.84832490457674,0.4318593725817645,1.0,0.5,2.74698805809021
254,511.8268117304815,213.6005454480456,0.43221186049563426,1.0,0.5,2.584806203842163
255,478.85300792128737,200.4261314541117,0.43256911379869334,1.0,0.5,2.563577651977539
256,530.5363113502718,183.40370293693118,0.43278242255289406,1.0,0.5,2.6142420768737793
257,444.7882260400532,150.12736895821246,0.43296399413102044,1.0,0.5,2.23262882232666
258,534.8038350700152,206.10857401469866,0.4330797749352053,1.0,0.5,2.161090850830078
259,477.56770122112493,215.95154275678948,0.4333679195328533,1.0,0.5,2.468916893005371
260,425.37460212342154,168.16850305642316,0.4336412272696994,1.0,0.5,2.1028051376342773
261,471.11238077818433,168.98640961099187,0.4337180721369225,1.0,0.5,2.2716166973114014
262,455.79389280762985,185.73752667625817,0.4339322987669743,1.0,0.5,2.360947370529175
263,568.9026450398884,243.76610662543118,0.4341363809519042,1.0,0.5,2.4652228355407715
264,450.083926940392,211.4705661598742,0.43452767618844806,1.0,0.5,2.4409570693969727
265,440.7073938967933,84.13513005094808,0.43508542524060667,1.0,0.5,1.6408860683441162
266,530.723422152434,224.6574967522049,0.43541295173539835,1.0,0.5,2.398981809616089
267,462.3157616099267,230.10603308143155,0.43556673597752427,1.0,0.5,2.1859960556030273
268,573.1523883748819,237.31212828892973,0.4355989138959857,1.0,0.5,2.027345895767212
269,530.9657618911477,201.15385102540242,0.43559585046144966,1.0,0.5,2.0649096965789795
270,422.6661713308875,178.2046825011197,0.4354807628750951,1.0,0.5,2.1582589149475098
271,548.146293849484,219.90642367899756,0.4352773782886457,1.0,0.5,1.9917240142822266
272,495.3918613632707,200.13180720508342,0.43505331348868087,1.0,0.5,2.681011915206909
273,528.7979559909907,209.7707673454699,0.4347428201178172,1.0,0.5,2.7758758068084717
274,447.81850947246676,159.74912694151294,0.43438019159487573,1.0,0.5,1.9742231369018555
275,556.1110467448262,150.30631871532972,0.4339312823448903,1.0,0.5,2.233541965484619
276,651.1152745266573,149.0039603608385,0.43352484399538543,1.0,0.5,2.657827138900757
277,480.48479189560106,185.18394721836972,0.43310048913901605,1.0,0.5,2.288102865219116
278,539.5378654049957,200.12369480881642,0.43263351588785914,1.0,0.5,2.359614133834839
279,537.8219748229516,229.3681988848335,0.4321872421394907,1.0,0.5,2.5685648918151855
280,563.0731522089161,242.03972791709393,0.43170244851601747,1.0,0.5,2.3192148208618164
281,489.76850663866054,202.61292435597747,0.43136667873505785,1.0,0.5,2.304536819458008
282,594.6205967065292,264.7392492566131,0.43098951104443534,1.0,0.5,2.7785472869873047
283,577.3974092130137,254.8431195823082,0.4306064704775801,1.0,0.5,2.5616698265075684
284,649.0812696980314,278.4240858138124,0.4303207719816373,1.0,0.5,2.539309024810791
285,618.6938457099768,230.22652280400115,0.4299822915572866,1.0,0.5,2.58540415763855
286,560.1619972768032,257.10433219899437,0.42973640361517296,1.0,0.5,2.5072948932647705
287,554.0137520591584,248.05794345067443,0.42940991470642464,1.0,0.5,2.7797701358795166
288,576.1591115053617,313.26282647334904,0.42914851228443385,1.0,0.5,3.0539090633392334
289,642.9908681453984,314.8172651813404,0.42899989823586954,1.0,0.5,2.889066219329834
290,632.5891449752877,230.6203270507589,0.4289179800071205,1.0,0.5,3.070078134536743
291,602.6709110462912,210.09357735886005,0.4288814220508269,1.0,0.5,2.6392898559570312
292,591.1370488275329,277.58902260900857,0.4286311054191334,1.0,0.5,2.883781909942627
293,603.994457630835,279.06255716131216,0.42844965095859655,1.0,0.5,2.921010732650757
294,584.2496465716819,277.83866028041507,0.4283954019433324,1.0,0.5,2.780137062072754
295,687.7291318922589,365.67779738869376,0.42835814763733504,1.0,0.5,2.7772181034088135
296,616.9213240309612,280.4473745058369,0.4283584128559038,1.0,0.5,2.6730542182922363
297,607.5142423367007,350.4613957133528,0.42838298910150885,1.0,0.5,2.8008949756622314
298,540.7356344116405,226.91131365813197,0.4283131650311049,1.0,0.5,2.3806610107421875
299,647.0175198612437,336.15055726217116,0.4282784147918531,1.0,0.5,2.7856669425964355
300,593.6490725589236,338.36573902690924,0.4281370410754968,1.0,0.5,2.6339001655578613
301,682.4932666906685,326.6021674334555,0.4280390469896918,1.0,0.5,2.6044087409973145
302,662.4741112244009,311.86060644221914,0.427843458813145,1.0,0.5,2.3876140117645264
303,613.5695443839836,318.223883002195,0.427862138876702,1.0,0.5,2.667797088623047
304,685.4245082354643,360.0683892465644,0.4280645151982605,1.0,0.5,2.8522279262542725
305,663.3830384553031,355.9788466647146,0.42810119916003897,1.0,0.5,2.7093400955200195
306,767.944387102315,276.12874476798504,0.4283143578316411,1.0,0.5,2.948187828063965
307,647.7122022438604,316.7232227023122,0.42863614112759385,1.0,0.5,2.8493049144744873
308,578.1246079777432,318.69803028102916,0.42897253812060326,1.0,0.5,2.883176803588867
309,665.4326314848071,325.08585681391713,0.42934340383015196,1.0,0.5,2.583503246307373
310,647.6852649532575,282.5975796201814,0.4296005363496823,1.0,0.5,2.6791789531707764
311,591.4904474582423,213.84953257471966,0.4300376764249133,1.0,0.5,2.229520082473755
312,644.0481493298695,235.82629863310086,0.43039264895938445,1.0,0.5,2.446049928665161
313,644.8795670296437,274.47626399489707,0.43073946894432524,1.0,0.5,2.367065906524658
314,629.1532647148332,290.06700568971047,0.43118576030219863,1.0,0.5,2.581130027770996
315,726.5421261927482,301.9947399981429,0.43167904658362055,1.0,0.5,2.8528871536254883
316,657.9000302605887,297.58414251708,0.4324223072681148,1.0,0.5,2.637089967727661
317,617.5261207507315,265.7908105057703,0.4332732803865403,1.0,0.5,2.5230939388275146
318,612.5270426129928,212.3119945967775,0.4342002559131182,1.0,0.5,2.664612054824829
319,672.2125002946992,308.80375162365243,0.4349652419945543,1.0,0.5,2.5599358081817627
320,624.6660585932854,279.31258456085664,0.43564825552211495,1.0,0.5,2.6724679470062256
321,575.1664772091116,294.31342957567824,0.4363535206716821,1.0,0.5,2.5422890186309814
322,690.631693483598,352.7448586912932,0.43723684011787506,1.0,0.5,2.6969070434570312
323,720.14461584924,377.86909790295505,0.4381053137775951,1.0,0.5,3.0002849102020264
324,596.8659473638647,251.69653557874062,0.4388476376744475,1.0,0.5,2.756021022796631
325,675.91479223965,313.62200230071255,0.43961630991594686,1.0,0.5,2.7443459033966064
326,708.5223875602336,303.793091942969,0.44018038742459487,1.0,0.5,2.7709271907806396
327,762.9669457802048,317.8963503413135,0.44067640047804935,1.0,0.5,2.665879011154175
328,614.5714489016241,340.1409762897152,0.4410166218308433,1.0,0.5,2.725829839706421
329,710.925312848534,314.62634998316906,0.4411865533069742,1.0,0.5,2.7677149772644043
330,617.904167830759,357.10656099937626,0.44111520995127734,1.0,0.5,3.172530174255371
331,757.6295858416989,358.66073051366175,0.44104677485693383,1.0,0.5,2.848276138305664
332,696.8328152336329,300.9154925019687,0.4409408853585338,1.0,0.5,2.747511148452759
333,698.9702855248476,339.5198637489445,0.44086459110417725,1.0,0.5,3.0595321655273438
334,682.8108452380862,241.38965402090645,0.4409175450272587,1.0,0.5,2.8183441162109375
335,655.2361521280325,285.072079312473,0.44104268731610385,1.0,0.5,3.033825159072876
336,585.0616255251192,158.71416339609488,0.44120271245772374,1.0,0.5,2.3758692741394043
337,659.7820611011499,288.0742010382608,0.4413576060297445,1.0,0.5,3.135164976119995
338,756.5026237680007,368.59471069781904,0.441499509201211,1.0,0.5,2.996997117996216
339,622.7182136075058,246.9237380497897,0.44147537341921755,1.0,0.5,2.6594700813293457
340,634.7773160075334,276.95004790850544,0.44130324076709765,1.0,0.5,2.5485079288482666
341,613.6121109637007,277.63301351463144,0.44095911149051475,1.0,0.5,2.564336061477661
342,610.2564541148482,335.39883813473637,0.4407882623548105,1.0,0.5,2.7734551429748535
343,758.2766907633841,343.9431930146858,0.44084898865112465,1.0,0.5,2.6741321086883545
344,680.2438548780689,375.6473275206084,0.4410397899938088,1.0,0.5,2.5609030723571777
345,736.867485767763,339.4764908808518,0.4411961864683269,1.0,0.5,2.511593818664551
346,799.3365703090112,336.4061318628346,0.44140425081035073,1.0,0.5,2.6992990970611572
347,691.6665299136808,264.4237356448284,0.4415995756122091,1.0,0.5,2.6798288822174072
348,789.0733515599891,274.308753474225,0.4417762566289875,1.0,0.5,2.6872122287750244
349,684.4144258860729,261.2022234198563,0.4417458420858247,1.0,0.5,2.6070308685302734
350,701.3688552899115,288.7064918262622,0.44177593899812395,1.0,0.5,2.4996306896209717
351,672.9216553150563,340.99852852539476,0.4417277057230321,1.0,0.5,2.8735108375549316
352,753.2208144949477,350.8216083308065,0.44150159450173154,1.0,0.5,2.895519971847534
353,732.8402922076948,352.2088808686102,0.4413446610195438,1.0,0.5,2.449463129043579
354,808.8608069761468,369.6795638854439,0.44113050842175394,1.0,0.5,2.867650032043457
355,700.0252514894682,394.81703183675603,0.44079514026262,1.0,0.5,2.62048602104187
356,726.0626668816898,308.4386512365437,0.44037697356613603,1.0,0.5,2.210430383682251
357,774.9098948417133,351.3219088442671,0.43989542168978674,1.0,0.5,2.3394200801849365
358,676.376546768467,365.9984917661303,0.43947861388566634,1.0,0.5,2.6567249298095703
359,783.7663975452538,313.69408284075024,0.43900600579874344,1.0,0.5,2.408529043197632
360,804.4639867660917,390.23854263232846,0.43864691712503456,1.0,0.5,2.6771531105041504
361,848.8734346560232,313.4451365452893,0.43826997535541795,1.0,0.5,2.4963250160217285
362,778.2751648925806,375.9947071033083,0.43803047319923183,1.0,0.5,2.648850202560425
363,810.6098697186156,307.41659709975613,0.43777231773156317,1.0,0.5,2.3599460124969482
364,775.3709464270918,355.08467574175387,0.437406390385914,1.0,0.5,2.606231927871704
365,671.8774046627441,350.3558046820775,0.43701751935211725,1.0,0.5,2.437228202819824
366,697.7987286604888,349.0738469753017,0.4366020910574371,1.0,0.5,2.5804779529571533
367,724.0704531202878,248.51794529652233,0.43626547655811454,1.0,0.5,2.0505211353302
368,931.9510944141198,398.7788371308071,0.4358284886290779,1.0,0.5,2.615468978881836
369,908.9950319529271,426.1098532795957,0.43561300577637246,1.0,0.5,2.6309781074523926
370,909.4750805707343,397.258660239855,0.4353813745776923,1.0,0.5,2.4167568683624268
371,966.73204523934,374.5975483781801,0.4352460107425159,1.0,0.5,2.4740381240844727
372,1021.3471555786022,351.79996661662483,0.4350487201535776,1.0,0.5,2.5707101821899414
373,901.6973508650241,370.85534495080515,0.4349538544588493,1.0,0.5,2.736740827560425
374,788.9111725868466,364.37123304712986,0.43484274439303244,1.0,0.5,2.830447196960449
375,859.7387937368899,436.6369776832997,0.43467622362848884,1.0,0.5,2.574765920639038
376,978.1619271741401,444.3435789365061,0.4344479293274836,1.0,0.5,2.7488858699798584
377,1162.3655078279824,313.97688257692096,0.43431569489947014,1.0,0.5,2.388545036315918
378,809.5667435478348,346.78224759056064,0.4341053997845432,1.0,0.5,3.084740161895752
379,856.6079738094612,467.9319699673698,0.43401959587231353,1.0,0.5,3.1164562702178955
380,899.4866942119166,440.360132397013,0.43367496522959603,1.0,0.5,2.9864959716796875
381,976.42656784439,409.4543232422584,0.43341264187398987,1.0,0.5,2.5717339515686035
382,956.2478443129903,549.7692872272631,0.4332539420014394,1.0,0.5,3.0932159423828125
383,1190.2395460912,566.4970534482163,0.4332515128582554,1.0,0.5,3.0934300422668457
384,991.5837156191247,571.1168357325794,0.43335779471991237,1.0,0.5,3.067451238632202
385,1042.7240440941023,622.5633778735757,0.4333469089435073,1.0,0.5,3.0314440727233887
386,1079.2399616088458,536.0949299643133,0.433340303984607,1.0,0.5,2.8901538848876953
387,1121.4170604742305,492.17492719182576,0.433341827638398,1.0,0.5,2.613332986831665
388,1178.058966098018,587.8957080418251,0.43304987916213805,1.0,0.5,2.8704400062561035
389,1131.954624384732,543.4483541851916,0.43279647683119216,1.0,0.5,2.8812859058380127
390,1029.0186897533101,564.3584023236193,0.4326766846849648,1.0,0.5,2.850619077682495
391,1224.6397336529872,501.15815150851176,0.43239344215428543,1.0,0.5,2.4231202602386475
392,1063.0693892199167,585.1219618763168,0.43222416845498146,1.0,0.5,2.8098361492156982
393,1191.3342296607705,648.5333566774013,0.4321325149534497,1.0,0.5,2.774681806564331
394,1196.332836685455,652.6055465102688,0.43210569649917924,1.0,0.5,3.2335407733917236
395,1121.9944113373986,614.3312589829553,0.43201592813638934,1.0,0.5,2.8674449920654297
396,1217.434446868103,737.9018929982367,0.43205605007821946,1.0,0.5,3.096248149871826
397,1185.6713783775506,687.764644230853,0.431755684429633,1.0,0.5,2.9301271438598633
398,1203.3978765658464,606.3291361121429,0.431455026978679,1.0,0.5,2.6990678310394287
399,1179.9437471190643,596.368207879111,0.431184796893122,1.0,0.5,2.766110897064209
400,1226.0198577653243,726.4074378731889,0.4308759564221498,1.0,0.5,2.9606571197509766
401,1274.314775650286,703.16003252016,0.4307149917060314,1.0,0.5,2.927830934524536
402,1243.3657339377926,741.9970240699153,0.4306081318445811,1.0,0.5,2.9008870124816895
403,1241.39012997149,734.1241449701904,0.430332072959486,1.0,0.5,3.0397419929504395
404,1244.7883766531816,659.6067463100022,0.43025133551758893,1.0,0.5,2.8219048976898193
405,1296.1348817531382,800.7231989452565,0.4302842448405499,1.0,0.5,3.174915075302124
406,1338.0035285235128,827.7126150221895,0.43032491385525246,1.0,0.5,3.1369481086730957
407,1300.3644960688055,761.1101791643301,0.43034111266112457,1.0,0.5,3.214998960494995
408,1381.320016841176,654.3896993218262,0.43017731400441717,1.0,0.5,3.0423049926757812
409,1278.8036379867042,782.8580565550967,0.42992380508740347,1.0,0.5,3.139644145965576
410,1342.0305386712898,769.167151086534,0.42975096027102566,1.0,0.5,3.2400591373443604
411,1227.0732297988532,795.6478860975087,0.42937033883624104,1.0,0.5,3.1154370307922363
412,1355.9174797181615,763.8516229347695,0.4289612359548465,1.0,0.5,2.879594087600708
413,1356.2705175712572,880.5610539086013,0.4285345907793297,1.0,0.5,3.4689130783081055
414,1331.1082612699654,720.6683318497566,0.4280934441244483,1.0,0.5,3.063338041305542
415,1309.3623167767198,891.8026676437763,0.4277583883358518,1.0,0.5,3.3805110454559326
416,1397.8519738753018,821.1992316221113,0.4276274886119004,1.0,0.5,3.095259189605713
417,1465.1659603603937,997.2112696816599,0.42752699818807044,1.0,0.5,3.5469298362731934
418,1542.668271286809,966.7079994350809,0.42740147797217565,1.0,0.5,3.3152008056640625
419,1443.363211830524,915.8208470009995,0.4272793844275266,1.0,0.5,3.308833122253418
420,1499.7022740996472,1000.116867731975,0.4270720704411202,1.0,0.5,3.36313796043396
421,1432.8937489973598,845.7700086092285,0.4268804365635465,1.0,0.5,2.8312690258026123
422,1405.0592580311356,931.7697554789232,0.4266562522940106,1.0,0.5,3.1152679920196533
423,1461.0117510815987,941.2561384412165,0.42642051980766743,1.0,0.5,3.3587300777435303
424,1485.0168047373456,1074.4877919055755,0.4261886843548333,1.0,0.5,3.4910531044006348
425,1469.5002363377141,977.2759774473354,0.42599598897962665,1.0,0.5,3.249009132385254
426,1458.0528569524483,926.9344147461055,0.4257596981826341,1.0,0.5,3.2537331581115723
427,1524.0851348874837,953.3868819573847,0.4255380442272401,1.0,0.5,3.31337308883667
428,1506.1666435358095,1040.0813337953418,0.4253738295381911,1.0,0.5,3.2545440196990967
429,1493.0703325766706,1009.9331391000098,0.42518587896865345,1.0,0.5,3.425114870071411
430,1494.605510456844,1101.8667612047338,0.4251102228338177,1.0,0.5,3.5647218227386475
431,1690.075048809976,1032.4690307861897,0.42504341268831664,1.0,0.5,3.179047107696533
432,1623.0654193469702,1076.038111370676,0.4249678529040988,1.0,0.5,3.4302570819854736
433,1501.358756325593,1052.22007309207,0.42490178595430644,1.0,0.5,3.3325607776641846
434,1537.1611532523036,997.2042048713898,0.42497316524215645,1.0,0.5,3.255871057510376
435,1641.820823784806,1132.2715265940944,0.425024634323117,1.0,0.5,3.4175188541412354
436,1549.6596164531402,968.2022421501017,0.42521342049389715,1.0,0.5,3.4005141258239746
437,1588.1872543801728,998.5681395673273,0.425559403484573,1.0,0.5,3.2882370948791504
438,1543.0452962077225,1061.379640606252,0.42590680300952793,1.0,0.5,3.4978270530700684
439,1603.6136349966216,959.5486995837706,0.42635536422442727,1.0,0.5,3.1770730018615723
440,1487.7791408391015,1111.2748459978914,0.4268296328612434,1.0,0.5,3.555018901824951
441,1515.8734778517635,1172.4183155109445,0.42723051754647623,1.0,0.5,3.5919759273529053
442,1596.013066953886,1132.7679824986826,0.4276267462591278,1.0,0.5,3.7874906063079834
443,1548.8992893321963,1048.4411039622173,0.42792337418215315,1.0,0.5,3.6509039402008057
444,1635.914662950902,1140.3169114584243,0.42829944592232205,1.0,0.5,3.613284111022949
445,1463.891157546075,948.0465193032089,0.4289420623898088,1.0,0.5,3.3868260383605957
446,1559.877580588387,1014.7583208947719,0.42964167229167866,1.0,0.5,3.6112821102142334
447,1515.6694412981153,1043.5965319880852,0.43030167718057494,1.0,0.5,3.612276792526245
448,1518.5969929191494,1118.593091303753,0.43092888094792536,1.0,0.5,3.6629209518432617
449,1555.529656542226,1121.1599968633054,0.4314527628993023,1.0,0.5,3.6526927947998047
450,1510.334007952831,1076.857571965368,0.43172668365898953,1.0,0.5,3.584059000015259
451,1586.4407429529808,1067.5842624166453,0.43197269904528157,1.0,0.5,3.425593852996826
452,1561.4595790418578,1136.69704457413,0.43203187263051024,1.0,0.5,3.623232841491699
453,1520.6808207187162,1028.3699073425257,0.43195605075312843,1.0,0.5,3.483747959136963
454,1514.1574283539578,998.7906894982407,0.43182827076781266,1.0,0.5,3.495123863220215
455,1504.477351966271,984.3375512780298,0.4316997125657013,1.0,0.5,3.4575579166412354
456,1678.476143623846,953.6129767071413,0.4316010614393629,1.0,0.5,3.3235559463500977
457,1566.8989239263785,1048.8601591291654,0.43137112278246065,1.0,0.5,3.4422049522399902
458,1519.7748319327327,1136.2002060224722,0.43108049939398274,1.0,0.5,3.6458969116210938
459,1601.6363289075205,937.5881221671482,0.43084632146315216,1.0,0.5,3.3914170265197754
460,1553.0635270468447,947.8523167719817,0.4305681383023518,1.0,0.5,3.256196975708008
461,1619.2664457734902,1037.9548473719392,0.4302027472583795,1.0,0.5,3.2781190872192383
462,1650.5735859305425,1005.971855574162,0.4298041502874267,1.0,0.5,3.3751611709594727
463,1557.510215619369,866.19160759601,0.42946463017553926,1.0,0.5,2.9538471698760986
464,1528.5072178619255,1207.0885031889868,0.4291642690081845,1.0,0.5,3.692250967025757
465,1597.6544782759374,1137.2210977949367,0.428933219985612,1.0,0.5,3.5627498626708984
466,1540.7822439987403,1004.8243033080525,0.42861354221700587,1.0,0.5,3.094282865524292
467,1642.0704779030684,1120.6733650837477,0.42833296723484676,1.0,0.5,3.3901748657226562
468,1613.7072074704458,971.0581676734042,0.42813666944814177,1.0,0.5,3.1764097213745117
469,1552.4822143003114,942.8392365469565,0.42799783706857325,1.0,0.5,3.0058090686798096
470,1502.5392137695753,782.7697713698483,0.4280219247775036,1.0,0.5,2.618061065673828
471,1672.897853834617,886.0871902142553,0.42816210601392635,1.0,0.5,2.8618130683898926
472,1633.691142315752,935.0467595318299,0.42818307379644766,1.0,0.5,3.043666124343872
473,1574.9509520729432,810.2719825640345,0.4281661988454585,1.0,0.5,2.7667739391326904
474,1612.38389625959,898.2399659517217,0.42810459682844815,1.0,0.5,3.0217950344085693
475,1548.883624540428,829.2006991477699,0.42819758372557937,1.0,0.5,2.855156421661377
476,1595.2318483515785,608.4407472649175,0.4282432307468316,1.0,0.5,2.503671169281006
477,1541.6023029829614,874.0920881611758,0.4282638140700331,1.0,0.5,2.988646984100342
478,1587.3529135757092,935.4888914775836,0.428307585657543,1.0,0.5,3.1818292140960693
479,1499.2415574500444,1031.7436697950811,0.4284718196044912,1.0,0.5,3.298584222793579
480,1575.775459456865,1147.6766143748912,0.4285269345322748,1.0,0.5,3.498365879058838
481,1568.9100893958846,940.502248024882,0.4283145735862837,1.0,0.5,3.089735984802246
482,1560.1331172852167,950.6495316444089,0.4280666842643055,1.0,0.5,2.9959940910339355
483,1554.4544563029797,1000.3549931911887,0.42789190313508024,1.0,0.5,3.2347631454467773
484,1474.2872168504157,933.3020604134384,0.4277136397796309,1.0,0.5,3.265002965927124
485,1533.0217188962476,909.836656124058,0.42740574105185947,1.0,0.5,3.123825788497925
486,1598.8440994052835,922.1690173343497,0.4271280485340551,1.0,0.5,3.1052279472351074
487,1607.984064178756,1099.4956391761268,0.42679065351519824,1.0,0.5,3.551077127456665
488,1610.9485676904617,864.8682528104407,0.42658693597259534,1.0,0.5,2.9856109619140625
489,1621.832453644458,1005.3561934323667,0.42644002573600404,1.0,0.5,3.181232213973999
490,1573.6647361156774,894.614753586285,0.42633508401319714,1.0,0.5,3.15877103805542
491,1534.6234308654202,823.0343465863768,0.426331945060343,1.0,0.5,2.586513042449951
492,1604.6363727036876,943.4386944532762,0.42621273145631966,1.0,0.5,3.119286060333252
493,1624.4658592553762,949.1896627632847,0.4260162303065356,1.0,0.5,3.0106587409973145
494,1578.107613940021,925.6532107763196,0.4257956088052615,1.0,0.5,3.1517491340637207
495,1580.0211140629126,997.4023207073114,0.42559382771901483,1.0,0.5,3.4085781574249268
496,1518.8026168717672,1011.5649482342071,0.42524800468373575,1.0,0.5,3.453493118286133
497,1594.0295701051484,1043.2368966443687,0.42481883988198854,1.0,0.5,3.62652325630188
498,1655.5872236055766,953.1208129439201,0.42449546162391,1.0,0.5,3.1545631885528564
499,1583.248214294812,1044.3909032284932,0.4241740200206826,1.0,0.5,3.3951828479766846
