gen,best,mean,sigma,gravity,phase,elapsed_s
0,-253.72068791921728,-387.47520120982483,0.4906478680737215,-2.0,warmup,1.46754789352417
1,-327.28863401161465,-379.52465217901255,0.4825649046115966,-2.0,warmup,0.11076092720031738
2,-313.69734150287996,-366.9289154612993,0.47519566216021447,-2.0,warmup,0.12860584259033203
3,-298.704808348993,-368.91533026729223,0.46856592750205267,-2.0,warmup,0.12802982330322266
4,-170.66475648602886,-350.4704427458695,0.46264837895668276,-2.0,warmup,0.14754605293273926
5,-302.86241032343116,-359.83798725201575,0.45739438300433777,-2.0,warmup,0.1491081714630127
6,-166.4630568905824,-348.2881265523523,0.4527386935765352,-2.0,warmup,0.2180628776550293
7,-165.2045085963483,-335.3250151599643,0.44820517727318077,-2.0,warmup,0.22116518020629883
8,-270.4648381859209,-334.7525647045303,0.4440360759264374,-2.0,warmup,0.2048492431640625
9,-248.60734176093305,-340.4250726611285,0.44030328584457135,-2.0,warmup,0.24282407760620117
10,-261.1855639863575,-329.27814545152074,0.43694633566606556,-2.0,warmup,0.23298025131225586
11,-265.7216557563493,-337.6046434506608,0.43380437144554723,-2.0,warmup,0.21688413619995117
12,-148.48606296248465,-320.29183558433783,0.43090697067378947,-2.0,warmup,0.24454808235168457
13,-168.7203788248632,-324.01272303628843,0.42838213491017335,-2.0,warmup,0.23796892166137695
14,-147.57982793176157,-315.81319690170295,0.42601209994936756,-2.0,warmup,0.24282312393188477
15,-174.40219084359987,-322.6559546886294,0.423732754300272,-2.0,warmup,0.28771090507507324
16,-181.58268177594402,-319.51262564740307,0.42166784751270026,-2.0,warmup,0.27854013442993164
17,-3.7846877668405767,-299.5163114422161,0.4197659321254797,-2.0,warmup,0.2846260070800781
18,-17.401517040784416,-283.93338171374626,0.41794755992800325,-2.0,warmup,0.3934311866760254
19,-119.92903156899968,-292.79274139485403,0.41628037302483034,-2.0,warmup,0.33048391342163086
20,-149.99921545877888,-287.35448164107095,0.41465925908473733,-2.0,warmup,0.36058521270751953
21,-16.287711557964897,-270.72235158738073,0.4131828519690186,-2.0,warmup,0.44567131996154785
22,144.40741088962503,-235.54539879771968,0.4116412086895056,-2.0,warmup,0.5676119327545166
23,-54.528019965493854,-241.6897509469166,0.41007128274495885,-2.0,warmup,0.5326888561248779
24,-80.29793945726756,-235.84976746266346,0.4086304482748947,-2.0,warmup,0.539982795715332
25,-56.45177659248437,-262.19282750278654,0.40716635810327534,-2.0,warmup,0.5070900917053223
26,-58.40353489942917,-223.8824660041837,0.40600738165754047,-2.0,warmup,0.5365598201751709
27,21.1105351929603,-188.9261973128022,0.4050591153204433,-2.0,warmup,0.5876560211181641
28,-98.90911301958619,-213.67625639534194,0.40430255246431945,-2.0,warmup,0.4911527633666992
29,-26.98949382560313,-215.35935595952333,0.40363726608884154,-2.0,warmup,0.5329899787902832
30,-48.78045862004186,-232.89170428772815,0.4031568790868037,-2.0,warmup,0.4554479122161865
31,66.64135691913913,-177.98431036289207,0.40266787606768706,-2.0,warmup,0.6422951221466064
32,-2.3982221184964536,-222.87366088079702,0.4021746892987538,-2.0,warmup,0.5021779537200928
33,15.632584891980931,-158.6735074201705,0.4018825215631877,-2.0,warmup,0.6305508613586426
34,35.84719416680975,-186.77497814212643,0.4015859620489929,-2.0,warmup,0.5444650650024414
35,99.24577101904077,-180.92040306158194,0.40143845759339286,-2.0,warmup,0.6344199180603027
36,89.4064018091105,-178.9906374174728,0.4012935103816661,-2.0,warmup,0.5627079010009766
37,82.64506032782674,-177.20463854462122,0.4011929956745223,-2.0,warmup,0.6556000709533691
38,39.64586117067057,-192.01788659876996,0.40092453098963937,-2.0,warmup,0.48452091217041016
39,-32.39697831827172,-164.36501214533715,0.40068554176608695,-2.0,warmup,0.5761301517486572
40,155.28348686074898,-166.30284397932397,0.4004382885871975,-2.0,warmup,0.5422890186309814
41,31.91030991968765,-183.5803370509572,0.4002884779549726,-2.0,warmup,0.5775809288024902
42,129.76357942003474,-145.7076971702287,0.40019230843301157,-2.0,warmup,0.5428059101104736
43,44.38350606601682,-154.47497226778015,0.4000262661345029,-2.0,warmup,0.6317582130432129
44,199.1417794777707,-139.85079468307043,0.4000324197209941,-2.0,warmup,0.5539059638977051
45,19.8525318640484,-118.04500419170942,0.3999334745063346,-2.0,warmup,0.6000666618347168
46,59.16992698543796,-127.05990519069121,0.3999513994165747,-2.0,warmup,0.5559828281402588
47,307.101506921532,-151.11245461086173,0.39994516493460813,-2.0,warmup,0.470958948135376
48,129.15262438514733,-138.31452544683373,0.400074874382358,-2.0,warmup,0.5694611072540283
49,44.94031080685033,-134.45130861079718,0.4002756594389574,-2.0,warmup,0.5042598247528076
50,128.00689838598183,-127.79413614416175,0.4004070807140318,-2.0,warmup,0.5695979595184326
51,148.32255515816667,-155.14866114387456,0.4004652107446995,-2.0,warmup,0.5884981155395508
52,121.879009708338,-183.12503970562526,0.4004299596510019,-2.0,warmup,0.4475531578063965
53,21.659807622511313,-166.55049976247656,0.40055621630011556,-2.0,warmup,0.5230526924133301
54,76.31183976225826,-149.30699740193876,0.40063842328970495,-2.0,warmup,0.5233449935913086
55,103.98997139621376,-127.98562940919062,0.40073843850857227,-2.0,warmup,0.5369830131530762
56,190.48593274066263,-111.28097597867713,0.4008631201711681,-2.0,warmup,0.5855121612548828
57,136.3454527937191,-116.0572543793184,0.40094340016708463,-2.0,warmup,0.6658847332000732
58,159.3437260281647,-142.71670649302854,0.4012259046003267,-2.0,warmup,0.591912031173706
59,41.568652639392155,-151.14013158262523,0.40135974991726897,-2.0,warmup,0.495542049407959
60,44.9431717167271,-144.51063746063556,0.40134780028535466,-2.0,warmup,0.6037869453430176
61,72.55951846801291,-118.78015558984525,0.4012838947018688,-2.0,warmup,0.6832647323608398
62,161.94798394124058,-99.1782714906641,0.40156853826561806,-2.0,warmup,0.7871191501617432
63,319.8770786943701,-159.15315473583865,0.40175443855044013,-2.0,warmup,0.6511719226837158
64,254.4923766791793,-86.00846867053743,0.40205213768765824,-2.0,warmup,0.7909266948699951
65,404.73878999940763,-122.26944584117014,0.4023699045745436,-2.0,warmup,0.9293859004974365
66,258.8049651015353,-124.24525085471564,0.40263357781953285,-2.0,warmup,1.1526849269866943
67,355.3443773269619,-68.14620389517304,0.402816641153828,-2.0,warmup,1.0850658416748047
68,459.9358364300892,-98.65670014052955,0.40313316100369867,-2.0,warmup,0.9009048938751221
69,396.78218361863554,-88.43474001856859,0.40346381043580287,-2.0,warmup,0.9791228771209717
70,461.30370991411775,-103.8884623073825,0.40372389658342794,-2.0,warmup,1.0069589614868164
71,616.2746844339771,-103.71573984995807,0.4040733764345449,-2.0,warmup,1.1342480182647705
72,263.9147190655215,-93.54471504001508,0.40461795899742214,-2.0,warmup,1.3558228015899658
73,544.35672386352,-35.733645621696965,0.4050625650492285,-2.0,warmup,1.1619839668273926
74,540.5636025851968,-60.23920432667785,0.4055674103991712,-2.0,warmup,1.1120388507843018
75,470.5144291910868,-83.7753307184182,0.40615871244570045,-2.0,warmup,1.1694138050079346
76,409.13049092364037,-65.88958086677026,0.40673955264580824,-2.0,warmup,1.0403409004211426
77,464.3261110442786,-50.505989871476075,0.4071584366166774,-2.0,warmup,1.041416883468628
78,463.96886843659377,27.319578914828206,0.40761714691177764,-2.0,warmup,1.3569591045379639
79,389.6279445005607,-54.54153246307503,0.408158685474401,-2.0,warmup,1.0961551666259766
80,381.07481794867454,-54.382155281780435,0.40852450897181686,-2.0,warmup,1.0620920658111572
81,516.1307338178491,-60.377583085124726,0.408816426120394,-2.0,warmup,1.1398437023162842
82,521.4751039710429,-34.00609845811736,0.40905380387289336,-2.0,warmup,1.2385480403900146
83,344.66251597026115,-16.194337663058093,0.40927731927089284,-2.0,warmup,1.1229360103607178
84,371.9578604570338,-79.156169980817,0.40944393150874614,-2.0,warmup,1.2641501426696777
85,620.0317384459576,-7.233803975850137,0.40948803128577044,-2.0,warmup,1.4263012409210205
86,453.43983364740353,38.70908917543173,0.4096415293909874,-2.0,warmup,1.5264289379119873
87,620.6440848835408,172.5193641159152,0.4095664481846092,-2.0,warmup,1.8593649864196777
88,504.8866516041603,77.77516707898104,0.409543239817419,-2.0,warmup,1.92625093460083
89,648.05751136169,221.13025701239417,0.40947731562980405,-2.0,warmup,2.1613688468933105
90,833.6966579967003,228.47129498347104,0.40944001241761835,-2.0,warmup,1.9990017414093018
91,787.6793276530269,277.95637102617513,0.40943660297192214,-2.0,warmup,2.078610897064209
92,677.9676038708307,222.27830162647052,0.4093916713184184,-2.0,warmup,2.038374185562134
93,774.5897939131291,273.2057171082945,0.40944573986115707,-2.0,warmup,2.0663702487945557
94,658.280545617736,305.016908178621,0.4094561321919148,-2.0,warmup,2.0409090518951416
95,927.1138009617856,315.55515476910534,0.40936160949689915,-2.0,warmup,2.1843342781066895
96,772.5070431693906,337.11998986379393,0.4091312110631631,-2.0,warmup,2.1875393390655518
97,654.0125739238906,288.9641178372329,0.4090365689581046,-2.0,warmup,2.0173940658569336
98,815.1524963647113,359.3187856525307,0.4090256600940062,-2.0,warmup,2.507175922393799
99,740.5115376348463,331.02195277045996,0.4091091884174999,-2.0,warmup,2.428586006164551
100,973.7293487432347,366.55734943933646,0.4089341607491041,-2.0,warmup,2.3279953002929688
101,745.4083744961869,350.4645276225457,0.4088213531352141,-2.019525,ramp 0%,2.3583779335021973
102,764.5573383063297,285.3047153947751,0.40874592696543616,-2.03905,ramp 0%,2.5396010875701904
103,800.017307658477,454.40117636837806,0.4085918987088388,-2.058575,ramp 0%,2.9274511337280273
104,930.2008244102459,304.7635598116832,0.4083460106387738,-2.0781,ramp 1%,2.511047840118408
105,833.4747105410079,383.94380549532104,0.4081526590651697,-2.097625,ramp 1%,2.5071520805358887
106,1015.6266055139878,320.54549187406855,0.4079833635723216,-2.11715,ramp 1%,2.2808122634887695
107,953.2410884780405,430.7078613213679,0.40793682138797355,-2.136675,ramp 1%,2.524631977081299
108,1035.3549166648286,576.5329271987459,0.40804064891186415,-2.1562,ramp 2%,2.827548027038574
109,1001.4410692864598,416.9802629029371,0.40812707299649126,-2.175725,ramp 2%,2.4918079376220703
110,1056.3697585220175,493.6444098218797,0.40812145857580473,-2.19525,ramp 2%,2.7219278812408447
111,1041.6661925696665,472.5837734077304,0.40818486433781953,-2.214775,ramp 2%,2.687058925628662
112,1045.302660279618,431.37584451734745,0.40829761017643956,-2.2343,ramp 3%,2.6545379161834717
113,1100.8688360799392,584.3057390358301,0.4084101845380736,-2.253825,ramp 3%,3.0501270294189453
114,870.7442081734031,437.1962243058667,0.40853197938832947,-2.27335,ramp 3%,2.778247833251953
115,1094.1336994190917,443.9471738776083,0.4085443871141035,-2.292875,ramp 3%,2.7250688076019287
116,1027.1942183669096,433.500783397981,0.40839285833393174,-2.3124000000000002,ramp 4%,2.7112350463867188
117,992.8212085586098,419.1025403521395,0.40823553133414453,-2.331925,ramp 4%,2.7930209636688232
118,909.6409698569947,437.8051827509448,0.4080687735435738,-2.35145,ramp 4%,2.788134813308716
119,831.5554475755084,304.83938905877847,0.4077672900447909,-2.370975,ramp 4%,2.1925597190856934
120,845.6180739130253,430.69769940537316,0.40742377479388375,-2.3905000000000003,ramp 5%,2.667083740234375
121,1115.433544196018,497.13793491202597,0.4072133419197501,-2.410025,ramp 5%,2.646044969558716
122,1060.5222112262143,466.4454582380091,0.40709168785886357,-2.42955,ramp 5%,2.6348841190338135
123,984.532334839454,387.3972520911162,0.40696884671575434,-2.449075,ramp 5%,2.4477269649505615
124,1146.2591882604472,532.4580326558407,0.40709528575387466,-2.4686,ramp 6%,2.6929028034210205
125,1124.1034607287597,513.8825141365236,0.4071289717092618,-2.488125,ramp 6%,2.734910011291504
126,1177.4302192144098,442.2621511730963,0.40720884375330807,-2.50765,ramp 6%,2.4474358558654785
127,1169.7646196951598,505.6498379051194,0.4074246648010935,-2.527175,ramp 6%,2.5857911109924316
128,1137.1531159346355,380.98036403953137,0.4075262645599256,-2.5467,ramp 7%,2.382071018218994
129,1233.7129288923043,639.39761170206,0.407607745274168,-2.566225,ramp 7%,3.098975896835327
130,1240.1130000621772,729.1613269611155,0.40762255780570616,-2.58575,ramp 7%,3.0607399940490723
131,1250.7547717523682,487.7010081044724,0.40775770632249536,-2.605275,ramp 7%,2.37453293800354
132,1325.8100163911022,588.3263824854712,0.40819780989572396,-2.6248,ramp 8%,2.6702029705047607
133,1291.391099387102,452.42090965637016,0.40864437445239854,-2.6443250000000003,ramp 8%,2.57621693611145
134,1120.4352786656473,395.00147475196235,0.4092054417966786,-2.66385,ramp 8%,2.305328130722046
135,1302.2952987502624,488.75308652913753,0.4097524115669963,-2.683375,ramp 8%,2.497304916381836
136,1452.3469834344141,571.0588171876236,0.4103156259844167,-2.7029,ramp 9%,2.458563804626465
137,1273.3779536323225,529.1160604914126,0.4109173177261177,-2.722425,ramp 9%,2.5246431827545166
138,1257.2439665075308,710.5156999984181,0.41145804476075853,-2.74195,ramp 9%,3.164285898208618
139,1276.3489867918688,640.799068711049,0.41192712332624803,-2.761475,ramp 9%,2.9433701038360596
140,1151.0369044280362,687.007381278918,0.4124312794907216,-2.781,ramp 10%,2.9145450592041016
141,1177.925914351754,593.7354076490383,0.4127078244233494,-2.800525,ramp 10%,2.684138059616089
142,1293.7232425185364,671.8198326107795,0.4130993648258609,-2.82005,ramp 10%,2.954258918762207
143,1260.7715989672627,639.6519767384189,0.4133079582988357,-2.839575,ramp 10%,2.656545877456665
144,1240.2525000703808,550.4200291862529,0.4135407277740184,-2.8591,ramp 11%,3.000622034072876
145,1208.1020237102273,636.9974380095744,0.41370650082744415,-2.878625,ramp 11%,2.9415810108184814
146,1246.5597707826792,661.0637318534145,0.4137160254460759,-2.8981500000000002,ramp 11%,3.028097152709961
147,1196.676450999307,657.6807587326633,0.41369490937653725,-2.917675,ramp 11%,3.0026280879974365
148,1392.511613879469,760.2296165168066,0.41378628310743887,-2.9372,ramp 12%,3.1887969970703125
149,1298.3719138224858,673.7174117520372,0.41390461195310496,-2.956725,ramp 12%,2.92287278175354
150,1343.0539730912421,496.44549694302725,0.41429905137163475,-2.9762500000000003,ramp 12%,2.3302669525146484
151,1505.3050249765993,789.5679326821888,0.4145525735489775,-2.995775,ramp 12%,2.802251100540161
152,1190.6807079978382,544.2564269376669,0.414914338666988,-3.0153,ramp 13%,2.378713846206665
153,1331.0962743097293,444.56861638702213,0.41529763138872716,-3.034825,ramp 13%,2.2237629890441895
154,1289.3468982366512,753.0870571276024,0.4155502851788664,-3.0543500000000003,ramp 13%,3.1830692291259766
155,1274.358377957845,553.4311681673636,0.41587655524140354,-3.073875,ramp 13%,2.385890007019043
156,1488.8311527088456,560.4653954729228,0.4158847917066418,-3.0934,ramp 14%,2.637213945388794
157,1319.1068235790249,752.8728745872437,0.41583199405627785,-3.1129249999999997,ramp 14%,3.1479239463806152
158,1365.0999358600893,449.1794893833503,0.41571606597768757,-3.13245,ramp 14%,2.114872932434082
159,1390.5582240267984,638.6251433227371,0.41552369708789716,-3.151975,ramp 14%,2.63775897026062
160,1433.3412531578706,584.3360886745415,0.4154619079911091,-3.1715,ramp 15%,2.58219313621521
161,1358.6844208891828,664.1766976143006,0.41545060536679507,-3.191025,ramp 15%,2.759636163711548
162,1355.6870650565495,828.8237781236088,0.41548232575278066,-3.21055,ramp 15%,3.2017219066619873
163,1326.9062964278098,622.4256772613802,0.4153639560646261,-3.2300750000000003,ramp 15%,2.73150897026062
164,1403.7339781747353,784.9337697515384,0.4154411739569794,-3.2496,ramp 16%,2.963474988937378
165,1524.5165701041533,749.6270516735922,0.41546006912832534,-3.269125,ramp 16%,3.0264599323272705
166,1531.9723605998133,809.9605440579244,0.4153493629096626,-3.28865,ramp 16%,2.948909044265747
167,1145.9302873462545,672.6794475197946,0.415212158869147,-3.3081750000000003,ramp 16%,2.63437819480896
168,1388.5102179914413,668.9525916357,0.4151312438492771,-3.3277,ramp 17%,2.6203410625457764
169,1398.9527324083783,673.0927838736021,0.41500182864866514,-3.347225,ramp 17%,2.6327810287475586
170,1346.030708075891,760.7268162423409,0.4149178344955469,-3.3667499999999997,ramp 17%,2.977869987487793
171,1378.318922236375,852.5279758207525,0.4149749116165502,-3.386275,ramp 17%,3.16288685798645
172,1480.6432955146922,842.8896786011737,0.41503744804609316,-3.4058,ramp 18%,3.1359691619873047
173,1115.784231287272,668.4678520848838,0.4153021001171081,-3.425325,ramp 18%,2.9077577590942383
174,1341.3542769675648,889.3296734786788,0.4156045896551874,-3.4448499999999997,ramp 18%,3.281708002090454
175,1411.1856555812853,816.5474735914325,0.4158871751493802,-3.464375,ramp 18%,2.8829519748687744
176,1442.3558771053083,706.4720080516352,0.4160365500602093,-3.4839,ramp 19%,2.893381118774414
177,1414.8175076660998,587.3772466631796,0.4161419707325711,-3.503425,ramp 19%,2.479736089706421
178,1317.2888694700825,772.1386045574874,0.4161926609547716,-3.5229500000000002,ramp 19%,3.0463266372680664
179,1476.647551388273,813.9724066315284,0.4162999883007081,-3.5424750000000005,ramp 19%,3.117630958557129
180,1573.7459218330594,791.3790421535339,0.41629211741539357,-3.5620000000000003,ramp 20%,2.7686030864715576
181,1482.5146252826041,616.6019335998571,0.41633588703727703,-3.581525,ramp 20%,2.369265079498291
182,1368.2238289234992,749.0902046099221,0.41625881319105,-3.60105,ramp 20%,2.951449155807495
183,1397.9457873475956,560.4036119941968,0.41637337333663726,-3.620575,ramp 20%,2.386425018310547
184,1477.8503741489033,603.1113555232281,0.41627968906364843,-3.6401000000000003,ramp 21%,2.6569180488586426
185,1456.6032095425546,774.903168957989,0.41605988153190326,-3.659625,ramp 21%,2.963512897491455
186,1308.8828724362054,543.5888672745883,0.41564183881451516,-3.67915,ramp 21%,2.3045220375061035
187,1402.908160116129,747.2483589454927,0.41522528087350746,-3.698675,ramp 21%,3.0764780044555664
188,1340.3222700907102,615.4537959539817,0.414876124033222,-3.7182000000000004,ramp 22%,2.484973192214966
189,1397.4169960633037,608.4655365161709,0.4144284343508996,-3.737725,ramp 22%,2.5568687915802
190,1291.779643141168,666.0561350990318,0.4139603978406232,-3.75725,ramp 22%,2.7349979877471924
191,1381.6505266362817,713.7100637207183,0.41346532210831083,-3.776775,ramp 22%,2.75646710395813
192,1302.489037344377,781.4296818502633,0.4129433777509374,-3.7963000000000005,ramp 23%,3.289252996444702
193,1345.099901206373,825.1597181214813,0.4123410622736716,-3.8158250000000002,ramp 23%,3.2718350887298584
194,1478.9825898248866,694.1118529658224,0.4119417330002734,-3.83535,ramp 23%,2.747325897216797
195,1371.2675761919118,643.7146750618684,0.41151105109224734,-3.854875,ramp 23%,2.8595731258392334
196,1507.6044675534013,529.4422241430933,0.41109869902422774,-3.8744,ramp 24%,2.480883836746216
197,1328.272374368056,621.6386827196527,0.41063084895741514,-3.8939250000000003,ramp 24%,2.534564733505249
198,1346.9150119093556,746.3193711353567,0.41016028521377634,-3.91345,ramp 24%,2.7475178241729736
199,1467.532642500062,678.655770799635,0.4095875692209197,-3.932975,ramp 24%,2.883397102355957
200,1220.2890977180941,675.3926192252295,0.40897185367824956,-3.9525,ramp 25%,2.62380313873291
201,1251.8518722604629,798.0320664193572,0.4084112961234277,-3.9720250000000004,ramp 25%,2.9609739780426025
202,1460.40965586603,743.4749110906072,0.4079489084667208,-3.99155,ramp 25%,2.890198230743408
203,1488.1802726165915,872.743182589875,0.407310468004078,-4.011075,ramp 25%,3.154022216796875
204,1332.5846037828655,565.0272431512718,0.40682751944417117,-4.0306,ramp 26%,2.5024468898773193
205,1387.5106161661727,897.1479197610561,0.4063208525006903,-4.050125,ramp 26%,3.220554828643799
206,1487.1574598502102,759.0593602443098,0.40573673331111576,-4.06965,ramp 26%,2.6447269916534424
207,1505.3099004846563,795.9011630601196,0.40505982483536845,-4.089175000000001,ramp 26%,3.0327351093292236
208,1562.8260011086847,731.4224615815892,0.40428582505219274,-4.108700000000001,ramp 27%,2.711817979812622
209,1564.4194487968482,778.7622290726401,0.4036604952123818,-4.1282250000000005,ramp 27%,3.09135103225708
210,1509.449546990536,707.6889657309146,0.4029775903338537,-4.14775,ramp 27%,2.7954652309417725
211,1565.9939165852684,853.4863169578675,0.40238313351309923,-4.167275,ramp 27%,2.8944499492645264
212,1341.8289873463739,801.3554365580567,0.4019341998205118,-4.1868,ramp 28%,2.9397199153900146
213,1345.2144721020406,778.5798255595734,0.40165249081157867,-4.206325,ramp 28%,2.9697299003601074
214,1454.4728306287443,731.3221385191534,0.40145964240889503,-4.225849999999999,ramp 28%,3.084444284439087
215,1412.1352390596385,735.6837475199528,0.40119652064420097,-4.245375,ramp 28%,2.970461845397949
216,1381.412464298812,695.6550654004661,0.40089619788545655,-4.2649,ramp 28%,2.618575096130371
217,1473.117432700201,890.1566930684309,0.4006025079963496,-4.284425000000001,ramp 29%,3.2869648933410645
218,1490.71555061272,947.3591862187335,0.40038791978832994,-4.30395,ramp 29%,3.3990931510925293
219,1324.92231229316,620.4488261759868,0.4003238983155724,-4.323475,ramp 29%,2.579957962036133
220,1537.209350804211,878.936520375307,0.40031241623222397,-4.343,ramp 30%,3.193549871444702
221,1512.778959722129,777.4905496464376,0.40030702731328127,-4.362525,ramp 30%,2.8890812397003174
222,1402.7698811391056,619.6077657408986,0.40037251290054915,-4.38205,ramp 30%,2.6355910301208496
223,1314.1299796487735,581.0253689410318,0.40027233600871454,-4.401575,ramp 30%,2.3548858165740967
224,1340.1572438851106,769.5505745361518,0.4003109293251458,-4.4211,ramp 31%,3.0893640518188477
225,1417.8710605550941,738.3329666173125,0.4003583717787645,-4.440625000000001,ramp 31%,2.97467303276062
226,1382.1027380639182,725.0037919467288,0.40042709930938203,-4.4601500000000005,ramp 31%,3.004305839538574
227,1278.5859832501792,666.9552851174973,0.4004845410335203,-4.479675,ramp 31%,2.663616180419922
228,1294.7479787819975,703.3260585315396,0.4007600622831969,-4.4992,ramp 32%,2.7419800758361816
229,1452.7374451800945,788.4073952988571,0.4010157878189916,-4.518725,ramp 32%,2.9736671447753906
230,1287.2744222715812,661.7546986396297,0.4012914419293415,-4.53825,ramp 32%,2.7731010913848877
231,1385.6896555464289,801.3333823666937,0.4015440421779787,-4.557775,ramp 32%,3.0705809593200684
232,1425.7453624869092,867.061115747599,0.4017760726534503,-4.5773,ramp 33%,3.1922640800476074
233,1315.1799580772174,786.6377712877073,0.4019453511246199,-4.596825000000001,ramp 33%,3.1750519275665283
234,1369.03675403725,799.2696693458696,0.40219648718082707,-4.616350000000001,ramp 33%,3.029362201690674
235,1353.2254506729428,936.102268989502,0.40241547339311246,-4.635875,ramp 33%,3.3205039501190186
236,1360.5579439378719,720.7919672683745,0.4024543219536239,-4.6554,ramp 34%,2.839745044708252
237,1384.1676109817656,858.8701052750988,0.4025670159295848,-4.674925,ramp 34%,3.187897205352783
238,1352.5914563930862,661.2282915883253,0.4025313058027451,-4.69445,ramp 34%,2.722069025039673
239,1444.9306570327128,656.8730240989762,0.40246437934953594,-4.713975,ramp 34%,2.614738941192627
240,1407.2905773152324,640.9160617767218,0.4024694708082739,-4.733499999999999,ramp 35%,2.513113021850586
241,1396.9060929791667,810.0802666310831,0.40247870942942066,-4.753025,ramp 35%,2.9195761680603027
242,1560.5236190705484,735.8277779183793,0.40266598620505495,-4.77255,ramp 35%,2.767735719680786
243,1432.7909041903179,547.7235636343912,0.40267311282043816,-4.7920750000000005,ramp 35%,2.430704116821289
244,1361.8037684856217,696.9956756806251,0.4028047619630384,-4.8116,ramp 36%,2.932370901107788
245,1451.5648360404582,696.6144065055317,0.4030140526401892,-4.831125,ramp 36%,2.9615120887756348
246,1732.1796922056021,890.4541967095349,0.4030177164293456,-4.85065,ramp 36%,3.2708067893981934
247,1376.1506299372606,581.4838127265316,0.4030157308738813,-4.870175,ramp 36%,2.6739392280578613
248,1455.6842263850558,731.4103081098738,0.4030660448809799,-4.8896999999999995,ramp 37%,2.916867971420288
249,1494.928998299076,669.5178084936875,0.40300405935154504,-4.909225,ramp 37%,2.8475241661071777
250,1560.9396343261953,729.8814499065902,0.4029830373120042,-4.92875,ramp 37%,2.886510133743286
251,1442.5373871744916,591.5623051867917,0.40302115167667935,-4.948275000000001,ramp 37%,2.4378418922424316
252,1367.0195310019733,536.2703219590695,0.40303969849541305,-4.9678,ramp 38%,2.412384033203125
253,1356.9697179120822,696.5340297202281,0.4030404871299163,-4.987325,ramp 38%,2.9034459590911865
254,1401.3370957860843,744.4974856315944,0.4031573599929278,-5.00685,ramp 38%,2.9513659477233887
255,1582.9137204562405,701.5238479847067,0.40330354176013283,-5.026375,ramp 38%,2.676462173461914
256,1442.3185812772633,716.4488231003509,0.40348202903963215,-5.0459000000000005,ramp 39%,2.852908134460449
257,1441.1859807695744,678.2561363688719,0.40342713005002395,-5.065425,ramp 39%,2.7008860111236572
258,1572.1297158741233,740.6696431549994,0.4033303180955563,-5.084950000000001,ramp 39%,3.0785598754882812
259,1584.449010788696,670.1927347566757,0.403200458094641,-5.104475000000001,ramp 39%,2.5650219917297363
260,1404.6854951444332,757.5315391547072,0.4029920340781614,-5.1240000000000006,ramp 40%,2.8218250274658203
261,1515.1663295123683,835.4048766664367,0.40290627837557247,-5.143525,ramp 40%,2.8980553150177
262,1479.3307112464165,787.8628393106288,0.40278490240103904,-5.16305,ramp 40%,2.883793830871582
263,1519.6008232689558,710.429791094296,0.4026754817680379,-5.182575,ramp 40%,2.884983777999878
264,1428.6369726155226,630.5176542579678,0.4023955601716722,-5.2021,ramp 41%,2.5784780979156494
265,1529.8182884796352,773.6710583336219,0.4020033326766235,-5.2216249999999995,ramp 41%,3.0306239128112793
266,1446.9488572227237,769.0254959754744,0.4015695333713287,-5.24115,ramp 41%,3.0367918014526367
267,1396.2009606661252,706.6864469082526,0.4010423246478458,-5.260675,ramp 41%,2.946981191635132
268,1329.9536418856385,644.493560677484,0.4003883118639354,-5.280200000000001,ramp 42%,2.885589122772217
269,1410.2939414431764,601.8328548893875,0.3996799203446012,-5.2997250000000005,ramp 42%,2.4354372024536133
270,1420.9822214436817,832.2730490055321,0.39884541245306704,-5.31925,ramp 42%,3.115762948989868
271,1385.496328651828,815.4529266276375,0.39803636954868366,-5.338775,ramp 42%,2.9088919162750244
272,1390.6575499912835,790.3942717264008,0.39712030726372766,-5.3583,ramp 43%,3.072767972946167
273,1420.1703122869915,849.4984538597298,0.39619832197479704,-5.377825,ramp 43%,3.078049898147583
274,1462.5554057326208,792.6955572018975,0.39547821834505736,-5.39735,ramp 43%,2.8831279277801514
275,1457.709705093005,705.3137301612015,0.3947168630953279,-5.416875,ramp 43%,2.875795841217041
276,1496.9773386762872,879.3650795485743,0.39418264601754077,-5.436400000000001,ramp 44%,3.091298818588257
277,1416.3542922354009,777.5039995058833,0.3936742754601477,-5.455925000000001,ramp 44%,2.856523036956787
278,1575.6909583078184,892.1135036488968,0.3931660089959281,-5.47545,ramp 44%,3.0668368339538574
279,1479.515363204334,786.7631297776666,0.39286279170203303,-5.494975,ramp 44%,2.967158794403076
280,1434.006431157982,822.7932329403593,0.39253823537587135,-5.5145,ramp 45%,3.1404881477355957
281,1279.4763685260311,711.2811395593724,0.3921226907650819,-5.534025,ramp 45%,2.9241878986358643
282,1477.7981447251468,740.5453212341766,0.3916293736437171,-5.55355,ramp 45%,2.815113067626953
283,1392.9300582395565,839.8724388703162,0.39118102950491945,-5.573075,ramp 45%,3.0254321098327637
284,1476.52753865596,843.7611699138591,0.39085779778916496,-5.592600000000001,ramp 46%,3.19872784614563
285,1595.42408269159,778.5201845620816,0.39061363500956225,-5.612125000000001,ramp 46%,3.0440890789031982
286,1461.826113328697,856.7775011482906,0.3903877701862149,-5.6316500000000005,ramp 46%,2.890882968902588
287,1266.1250350862344,744.9478994702397,0.39031831555044616,-5.651175,ramp 46%,2.8608577251434326
288,1434.590051286801,859.3259160194746,0.3903375776604116,-5.6707,ramp 47%,3.127732992172241
289,1426.2949123962726,838.4700868198703,0.39033275471134876,-5.690225,ramp 47%,3.068103075027466
290,1463.7752195495477,757.8956081780161,0.39037785537376923,-5.70975,ramp 47%,2.740841865539551
291,1392.0619905025721,606.6152960666622,0.39035990112903385,-5.7292749999999995,ramp 47%,2.480170965194702
292,1221.824508905803,652.3973558012719,0.3902598424734707,-5.7488,ramp 48%,2.7159149646759033
293,1477.6225715991175,894.0818587295174,0.3903940918267508,-5.768325,ramp 48%,3.311401844024658
294,1506.6558060783984,866.0187632074892,0.390664823404464,-5.787850000000001,ramp 48%,3.040222406387329
295,1475.6069302441165,836.4653977026362,0.3909581715963563,-5.807375,ramp 48%,2.855458974838257
296,1296.4471650367598,491.30310384851344,0.3911400541379037,-5.8269,ramp 49%,2.149188995361328
297,1318.772784364034,668.3736126631163,0.3914444781578156,-5.846425,ramp 49%,2.6674108505249023
298,1256.2826878144285,651.2587656582007,0.3918395708739068,-5.86595,ramp 49%,2.728055953979492
299,1323.7137896598347,714.2904521762367,0.39215211749341633,-5.885475,ramp 49%,2.8558502197265625
300,1434.6325542782743,767.2842122623094,0.39229740684317854,-5.905,ramp 50%,2.9011871814727783
301,1361.3707467633578,692.4299933942885,0.3924075961648096,-5.924525,ramp 50%,2.4861888885498047
302,1296.6618695884383,580.2591591880009,0.3925783634573849,-5.944050000000001,ramp 50%,2.347264051437378
303,1415.8351166950943,772.5625157565943,0.39286447480726044,-5.9635750000000005,ramp 50%,3.0627949237823486
304,1425.9057809306962,781.6335462490757,0.3931360562296528,-5.9831,ramp 51%,2.862467050552368
305,1425.043476820678,732.5108326054534,0.3934413057229367,-6.002625,ramp 51%,2.898970127105713
306,1373.1792040395915,774.657760798605,0.3937491231255151,-6.022150000000001,ramp 51%,2.918438196182251
307,1456.9645284463659,760.609901117454,0.3939245508537119,-6.041675,ramp 51%,2.9987659454345703
308,1444.2889836182067,725.2268654333782,0.3942843392174542,-6.0612,ramp 52%,2.9132678508758545
309,1297.2991905115607,709.730633961499,0.3945754573833972,-6.080725,ramp 52%,2.880429983139038
310,1460.1945497061242,730.5405327422068,0.3948575243162205,-6.100250000000001,ramp 52%,2.8317060470581055
311,1370.71083661195,778.6324351905481,0.3949812415186232,-6.119775,ramp 52%,2.827949047088623
312,1468.8042309322602,699.6374510275625,0.39503725254019517,-6.1393,ramp 53%,2.7141308784484863
313,1428.6637564083069,859.1150795567789,0.3951542255914362,-6.158825,ramp 53%,3.075432777404785
314,1400.6768827018313,832.4127792934062,0.39522578132100966,-6.178350000000001,ramp 53%,3.2207701206207275
315,1331.1950006293634,665.906317031755,0.3953295719559173,-6.197875,ramp 53%,2.739237070083618
316,1429.381041263987,820.824859229843,0.3954953142977986,-6.2174000000000005,ramp 54%,3.1963698863983154
317,1612.3867921209467,837.5242245106969,0.3955776309051532,-6.236925,ramp 54%,3.0517780780792236
318,1414.8926221551137,744.3041943323941,0.3956355235065147,-6.256450000000001,ramp 54%,2.858185052871704
319,1403.096643661922,695.293976006659,0.395675924924403,-6.275975,ramp 54%,2.7747950553894043
320,1512.4599767825591,664.1096779139555,0.395748148686919,-6.2955000000000005,ramp 55%,2.616595983505249
321,1513.6804456018226,719.9512387120328,0.39589486693856385,-6.315025,ramp 55%,3.0239391326904297
322,1399.3193956684145,758.7110380091518,0.39591428544967494,-6.334550000000001,ramp 55%,3.0704779624938965
323,1475.502403007112,857.526249433046,0.39581657374253737,-6.354075,ramp 55%,3.18629789352417
324,1416.7192723860899,847.5525372690357,0.39559461807958424,-6.373600000000001,ramp 56%,3.0580270290374756
325,1425.2471401756563,801.289463104041,0.39545542686112506,-6.393125,ramp 56%,3.152379035949707
326,1431.8159740549338,771.4758369873138,0.39534854859274743,-6.41265,ramp 56%,2.700145959854126
327,1396.8457891067035,842.4179819568387,0.3952110542042271,-6.432175,ramp 56%,3.0336809158325195
328,1453.7820116281557,831.6261682553322,0.3950859312003169,-6.4517,ramp 56%,3.1190109252929688
329,1352.8538589679627,609.7894969331506,0.3951348874588484,-6.4712250000000004,ramp 57%,2.685563802719116
330,1355.931466012312,750.8361344565495,0.3950521223573566,-6.49075,ramp 57%,2.926020860671997
331,1378.6284702860212,698.5681103311222,0.3948513572307982,-6.510275,ramp 57%,2.823971748352051
332,1498.4609224333933,753.5431816636881,0.3946578903632327,-6.5298,ramp 57%,2.894824981689453
333,1434.3780156322928,687.4086044773234,0.3943401277250617,-6.5493250000000005,ramp 58%,2.8249688148498535
334,1417.4021104439892,761.2154311271751,0.3939349918315132,-6.56885,ramp 58%,2.9946129322052
335,1332.792001390554,702.1873798972983,0.3936762249013278,-6.588375,ramp 58%,2.8608322143554688
336,1449.97093502558,712.8377372540114,0.3935220492051012,-6.6079,ramp 59%,2.646515130996704
337,1342.879405760125,851.6217778667218,0.39341158689821826,-6.627425000000001,ramp 59%,2.953007221221924
338,1329.93028427275,761.0017161943222,0.3932423663917215,-6.64695,ramp 59%,2.8312828540802
339,1434.5380840421064,749.7409445404863,0.3931072885607948,-6.666475,ramp 59%,2.7879369258880615
340,1376.6767161759642,833.1200967395696,0.3930412801270152,-6.686,ramp 60%,3.1300649642944336
341,1489.0697575976676,727.2159466881742,0.3931030804601032,-6.705525000000001,ramp 60%,2.7078731060028076
342,1468.532373845408,737.3361873473742,0.3930824103947896,-6.72505,ramp 60%,2.7282402515411377
343,1494.2721962885355,773.1029775739928,0.3931920888269726,-6.744575,ramp 60%,2.709420919418335
344,1451.2353247433227,778.1232275939285,0.3933229591365304,-6.7641,ramp 61%,2.7850148677825928
345,1532.184923677579,830.6760169555731,0.3937893345368749,-6.783625000000001,ramp 61%,3.1327450275421143
346,1533.852830707683,710.0634741110423,0.3940732806733774,-6.8031500000000005,ramp 61%,2.900243043899536
347,1385.4636974378402,799.38478233422,0.39430887144944066,-6.822675,ramp 61%,2.891796112060547
348,1631.7112089008215,805.0810614227487,0.3945705317503782,-6.8422,ramp 62%,2.9211008548736572
349,1392.4918617512765,724.3092014204783,0.3948613696813755,-6.861725000000001,ramp 62%,2.6613340377807617
350,1393.1713114490374,776.9256823108757,0.3950037311439908,-6.8812500000000005,ramp 62%,3.0548019409179688
351,1311.205548898656,850.0081075872677,0.39500435563989494,-6.900775,ramp 62%,3.035733938217163
352,1456.5261558137645,874.4451398684602,0.3951521995169927,-6.9203,ramp 63%,3.163472890853882
353,1352.3379182199785,631.6093364872575,0.3951997978927177,-6.939825,ramp 63%,2.573000907897949
354,1376.0445244001367,790.1247471081547,0.3953005566235202,-6.959350000000001,ramp 63%,3.0462563037872314
355,1421.7720351502867,712.473204616799,0.39532049102814415,-6.978875,ramp 63%,2.5535688400268555
356,1442.8696478222928,781.8613754272149,0.39528712784528347,-6.9984,ramp 64%,3.099454879760742
357,1405.8032884507993,653.7651258034203,0.3952181085562865,-7.017925,ramp 64%,2.8443148136138916
358,1318.3651509374415,776.7850996855535,0.39526896678777546,-7.037450000000001,ramp 64%,2.915397882461548
359,1348.2096756538165,767.9777109448958,0.3953273992721859,-7.056975,ramp 64%,2.938570022583008
360,1343.2946641405526,637.1855427813571,0.39548561041043007,-7.0765,ramp 65%,2.6415557861328125
361,1448.3889949017641,854.3958129962535,0.39550233530446605,-7.096025,ramp 65%,3.0455641746520996
362,1476.574401578727,689.5979612901144,0.39562620690536593,-7.115550000000001,ramp 65%,2.8365700244903564
363,1322.359984310043,838.4251712942678,0.3958732698215728,-7.1350750000000005,ramp 65%,3.159203052520752
364,1422.978123786752,797.4855450815865,0.3960407111714536,-7.1546,ramp 66%,3.0004920959472656
365,1443.6279949893567,801.6651377794487,0.3961434713682861,-7.174125,ramp 66%,3.232326030731201
366,1403.958722101784,822.0130452878371,0.39610736976705924,-7.193650000000001,ramp 66%,2.977687120437622
367,1312.8449794310802,800.9731267804135,0.3959778020487894,-7.213175000000001,ramp 66%,3.028850793838501
368,1406.567252694251,784.1861060169306,0.3960743620639963,-7.2327,ramp 67%,2.908900022506714
369,1208.6129519448946,751.5592070940174,0.3959412062305036,-7.252225,ramp 67%,2.937350273132324
370,1308.8827851386848,628.3634189014805,0.3957947614720126,-7.271750000000001,ramp 67%,2.533972978591919
371,1315.426001830764,569.5995484172005,0.39556734727069454,-7.291275000000001,ramp 67%,2.5932140350341797
372,1183.775353772494,652.356567775232,0.39541691922939154,-7.3108,ramp 68%,2.909043073654175
373,1219.1961454679376,824.7962787931025,0.3952199548353946,-7.330325,ramp 68%,3.2116518020629883
374,1347.0828215583742,699.0933072959695,0.39493520925976744,-7.349850000000001,ramp 68%,3.0308351516723633
375,1258.630124874184,735.3354518478621,0.3946811212083316,-7.369375000000001,ramp 68%,2.9083609580993652
376,1385.6813559474415,711.1171004134233,0.394468242217739,-7.3889,ramp 69%,2.6215908527374268
377,1338.7309454732651,713.7961257358234,0.3944295645074742,-7.408425,ramp 69%,2.943834066390991
378,1268.7329825787997,777.233881772269,0.39428189665323976,-7.42795,ramp 69%,2.9445860385894775
379,1346.391377322963,788.2990917056718,0.3942678251805399,-7.447475000000001,ramp 69%,3.1986587047576904
380,1200.5003097785177,675.2323318948607,0.3942535968753635,-7.467,ramp 70%,2.911367893218994
381,1213.1919556933028,785.1344504723359,0.394145993943313,-7.486525,ramp 70%,3.0831401348114014
382,1447.8911422569236,669.7464905363477,0.39404166965328996,-7.50605,ramp 70%,2.693574905395508
383,1379.365742786296,789.6546119358952,0.39405348935013307,-7.525575000000001,ramp 70%,2.993847131729126
384,1337.8033271101788,588.5156950452401,0.39415089896817757,-7.5451,ramp 71%,2.372645854949951
385,1482.426835576766,834.932381151717,0.39431688866476655,-7.564625,ramp 71%,3.1721227169036865
386,1393.1625683388256,664.5224443858318,0.39436118311385143,-7.58415,ramp 71%,2.3491649627685547
387,1339.386591224263,772.5077436606534,0.3944880269904586,-7.603675000000001,ramp 71%,2.8523659706115723
388,1348.275503479075,773.8507935279772,0.39450545222897787,-7.6232,ramp 72%,2.9891247749328613
389,1281.0813775956417,894.1338357847642,0.3945154803169662,-7.642725,ramp 72%,3.130855083465576
390,1412.2298402272547,833.4623423758305,0.3943210145648653,-7.66225,ramp 72%,3.088322877883911
391,1332.535905134231,598.6619971415295,0.39409269141169856,-7.681775000000001,ramp 72%,2.4103219509124756
392,1506.0374383835897,828.9738555385853,0.3939626246136018,-7.7013,ramp 73%,2.937986135482788
393,1373.2795152450938,730.3966578189954,0.39378292156694505,-7.7208250000000005,ramp 73%,2.8723840713500977
394,1403.3246096936018,838.0495273528119,0.39346798248548465,-7.74035,ramp 73%,2.935760974884033
395,1330.3306081126373,784.6352662423453,0.3929308855780195,-7.759875000000001,ramp 73%,2.8580970764160156
396,1359.5944308303601,799.6916715273574,0.3924805126316957,-7.7794,ramp 74%,2.8611879348754883
397,1335.7339025429492,757.6485804919845,0.3920310782045296,-7.7989250000000006,ramp 74%,2.876009941101074
398,1497.3471077057638,736.9380443524758,0.3916492562027261,-7.81845,ramp 74%,2.7722597122192383
399,1347.3307516741825,697.6363420755499,0.39121375322583923,-7.837975000000001,ramp 74%,2.8272480964660645
400,1413.6906621021217,800.0667507259259,0.39072199963424,-7.8575,ramp 75%,3.02872896194458
401,1483.9711190658818,826.2302964355489,0.3902096752310186,-7.877025,ramp 75%,2.66828989982605
402,1408.387870552875,719.9599899775183,0.38963880697048275,-7.89655,ramp 75%,2.795172929763794
403,1491.3476282934898,815.3340173983108,0.3891016434611993,-7.916075,ramp 75%,2.9836511611938477
404,1268.095485053983,886.5914335677459,0.38867478364815866,-7.935600000000001,ramp 76%,3.2662179470062256
405,1334.270585316229,683.264306895089,0.3882722497053651,-7.955125,ramp 76%,2.5866329669952393
406,1332.8557455702546,809.2960207318953,0.3877966492193655,-7.9746500000000005,ramp 76%,3.0443007946014404
407,1287.8736216727964,750.4046085367951,0.3874678128967702,-7.994175,ramp 76%,2.921135902404785
408,1321.0966166150029,799.5079387720951,0.38723888968860065,-8.0137,ramp 77%,2.8562138080596924
409,1360.0852933619062,833.7892148455481,0.38696229573432733,-8.033225,ramp 77%,3.088444948196411
410,1418.68588495294,826.2117712966722,0.3867852243544807,-8.05275,ramp 77%,3.0014100074768066
411,1421.9307659185622,824.4494473784995,0.3867077553369032,-8.072275000000001,ramp 77%,3.074695348739624
412,1538.7995474735806,764.7203174753711,0.38655618080127435,-8.091800000000001,ramp 78%,2.9420957565307617
413,1351.6010677648653,704.8574141275301,0.38637555662481204,-8.111325,ramp 78%,2.7186942100524902
414,1325.0908411141895,855.653062134849,0.38610707992468096,-8.13085,ramp 78%,3.1653859615325928
415,1538.575317088613,679.6056472603677,0.3860415197793725,-8.150375,ramp 78%,2.6611220836639404
416,1450.9992787501449,650.2249667625672,0.38599349863041255,-8.169900000000002,ramp 79%,2.641956090927124
417,1380.5835414629066,756.2325722316278,0.38608856321694396,-8.189425,ramp 79%,2.7573890686035156
418,1414.1479550495017,707.2666753239604,0.3861159535044764,-8.208950000000002,ramp 79%,2.6826930046081543
419,1462.8083749131654,749.2923195942346,0.38612372359559416,-8.228475,ramp 79%,2.7497808933258057
420,1364.0593344863291,810.7832112021622,0.38620250716366833,-8.248000000000001,ramp 80%,2.8804728984832764
421,1311.6085311572103,747.031377816396,0.38622612694766156,-8.267525,ramp 80%,2.5708229541778564
422,1351.4434260983762,815.2646978267645,0.38615388980408377,-8.28705,ramp 80%,2.8822569847106934
423,1328.9216767832077,763.6609289540027,0.3859235324712332,-8.306575,ramp 80%,2.9972500801086426
424,1231.5605186368186,670.0651617873971,0.38564406916719157,-8.3261,ramp 81%,2.655261993408203
425,1218.5613215056046,798.1827272648325,0.38511546092001053,-8.345625,ramp 81%,3.046583890914917
426,1426.9156855273693,830.1450087257126,0.38472269800333536,-8.36515,ramp 81%,2.9110350608825684
427,1485.0830244777626,710.8790760170708,0.3843118158838606,-8.384675000000001,ramp 81%,2.458901882171631
428,1350.0851369551935,720.8486879886381,0.3839618944234782,-8.4042,ramp 82%,2.865997076034546
429,1295.6070188264478,816.1435761913834,0.3835605261456802,-8.423725000000001,ramp 82%,2.9710419178009033
430,1252.8106268791246,809.3742192027055,0.38328548978105,-8.443249999999999,ramp 82%,3.2087531089782715
431,1295.46730908463,808.1136046200206,0.38307559755123816,-8.462775,ramp 82%,2.9814488887786865
432,1280.1483400169202,847.6831467595832,0.38299944866522434,-8.4823,ramp 83%,3.133733034133911
433,1323.5947190945287,809.3387345411777,0.3828517886992403,-8.501825,ramp 83%,3.0909769535064697
434,1364.2380523966838,823.1720034764479,0.38275065658240326,-8.52135,ramp 83%,3.0920917987823486
435,1456.2349198505083,872.8007134966334,0.38262236951148987,-8.540875,ramp 83%,3.0467441082000732
436,1318.6295174488723,691.8740066860942,0.3824679289125309,-8.560400000000001,ramp 84%,2.5122222900390625
437,1255.1642160757729,899.7261558970529,0.38221785274159104,-8.579925,ramp 84%,3.3481059074401855
438,1396.6202782589971,779.2987009317026,0.3819520630843626,-8.599450000000001,ramp 84%,3.012302875518799
439,1245.8645194024093,822.7020432761714,0.3816734234144955,-8.618975,ramp 84%,3.0524909496307373
440,1236.7512938700022,744.0169913186353,0.38157620098034484,-8.6385,ramp 85%,3.0387346744537354
441,1279.9306779880815,779.3372503182802,0.38143137278837885,-8.658025,ramp 85%,2.7589540481567383
442,1343.8936416602176,763.0566709928426,0.3813377720787508,-8.67755,ramp 85%,2.8107428550720215
443,1413.3183740530624,719.400388732248,0.38126350886468696,-8.697075000000002,ramp 85%,2.735940933227539
444,1333.108177425999,816.1852856939461,0.38094936931830786,-8.7166,ramp 86%,3.032557725906372
445,1334.6390076661885,799.5595425443796,0.3807635315735873,-8.736125000000001,ramp 86%,2.910066843032837
446,1273.717420565374,790.1786769753824,0.3803563378441159,-8.75565,ramp 86%,2.820089101791382
447,1221.0389218562616,738.3037922960033,0.380068434590206,-8.775175,ramp 86%,2.8555572032928467
448,1429.8035196671265,750.5928121398241,0.379774285655884,-8.7947,ramp 87%,2.9061198234558105
449,1413.5350589069214,823.1195326167013,0.37943488597649766,-8.814225,ramp 87%,3.0404791831970215
450,1226.4600139695751,795.2315640402851,0.3791538446630833,-8.83375,ramp 87%,2.674184799194336
451,1290.8718086389733,730.5759047169033,0.37903302101334035,-8.853275,ramp 87%,2.536879777908325
452,1304.0024133738464,821.0451608354317,0.3789197729076265,-8.872800000000002,ramp 88%,2.7990269660949707
453,1278.3745747260302,812.3733904696779,0.37870123507046766,-8.892325,ramp 88%,2.9090380668640137
454,1306.8285383884393,677.3645295622039,0.3785182273389474,-8.911850000000001,ramp 88%,2.7539730072021484
455,1207.097077299382,709.3857224133226,0.3784369387372024,-8.931375,ramp 88%,2.7646608352661133
456,1259.149478243895,611.4609679406485,0.3782241072271982,-8.9509,ramp 89%,2.504647970199585
457,1371.6963575818934,673.324841123278,0.37811258077003873,-8.970425,ramp 89%,2.3703510761260986
458,1249.867842435674,738.5004664992026,0.3780782440029872,-8.98995,ramp 89%,2.5827949047088623
459,1255.8584760748215,688.2114888768567,0.37783454216126855,-9.009475,ramp 89%,2.9166007041931152
460,1242.232458929835,663.6195460484025,0.37781172306055033,-9.029,ramp 90%,2.5825488567352295
461,1226.2189432125813,762.661760588246,0.37783653548914226,-9.048525000000001,ramp 90%,2.810274124145508
462,1380.4560443906337,735.2175289179115,0.3778801891665099,-9.06805,ramp 90%,2.772218942642212
463,1331.5130546499756,773.7429833114566,0.3778646124299191,-9.087575000000001,ramp 90%,2.8360729217529297
464,1239.6593416813241,675.9969178913288,0.3777521146481182,-9.1071,ramp 91%,2.715054988861084
465,1274.3790493059134,849.3182698339746,0.37753843160147826,-9.126625,ramp 91%,3.2474000453948975
466,1321.920305134215,779.2155049810476,0.37734796309305696,-9.14615,ramp 91%,2.8090810775756836
467,1411.2667219623736,800.6674512521959,0.3772374019540771,-9.165675,ramp 91%,2.9935460090637207
468,1248.2859371674815,847.0444184917503,0.3771321409543829,-9.185200000000002,ramp 92%,2.8583600521087646
469,1258.8035295897064,733.5434424759912,0.3770698830760902,-9.204725,ramp 92%,2.724936008453369
470,1373.3037697342954,648.9158556724922,0.3769643499546619,-9.224250000000001,ramp 92%,2.4094560146331787
471,1311.1240051871334,730.3642693783963,0.3767241412023517,-9.243775,ramp 92%,2.6053051948547363
472,1355.404384668378,772.4983940712975,0.37637559690058986,-9.263300000000001,ramp 93%,2.7948250770568848
473,1407.8332966874007,887.4484834882317,0.37622177371758336,-9.282825,ramp 93%,3.153109312057495
474,1417.60991491876,679.5383289762801,0.37612282145213916,-9.30235,ramp 93%,2.6656761169433594
475,1241.6929122032063,530.5954205581902,0.3760327150592192,-9.321875,ramp 93%,2.139458179473877
476,1274.25298074616,760.5798836291755,0.37595382549779166,-9.3414,ramp 94%,2.928647994995117
477,1344.9944046691605,708.3280883810327,0.37596969979204253,-9.360925000000002,ramp 94%,2.668267011642456
478,1266.1087389159102,731.8504216348767,0.37590443724753947,-9.38045,ramp 94%,2.451535940170288
479,1295.8296837157338,823.4572817427543,0.37585983809625423,-9.399975000000001,ramp 94%,2.89532470703125
480,1255.6534522574993,753.3109902771233,0.375881543842452,-9.4195,ramp 95%,2.762803077697754
481,1359.0522221019958,782.2987876138071,0.37602295703785643,-9.439025,ramp 95%,2.698671817779541
482,1456.5405853583197,686.7613050496046,0.37623278816645,-9.458549999999999,ramp 95%,2.616342782974243
483,1434.937884933772,662.9649782998441,0.37656038354356175,-9.478075,ramp 95%,2.476801872253418
484,1262.4668342476023,722.0093987133198,0.37670624997450386,-9.4976,ramp 96%,2.2742979526519775
485,1124.927779287298,581.5253925729951,0.3769922508065774,-9.517125,ramp 96%,2.1350526809692383
486,1414.0286696521562,801.9368592220659,0.37734239732421926,-9.53665,ramp 96%,2.8024699687957764
487,1472.707152930235,864.269601893903,0.3776076460004938,-9.556175,ramp 96%,2.8498427867889404
488,1239.9908140398395,688.4609314755404,0.3779304029544383,-9.575700000000001,ramp 97%,2.4178831577301025
489,1234.194257504217,724.338675850746,0.37814700007197444,-9.595225000000001,ramp 97%,2.6030640602111816
490,1545.3735233930036,720.1077719092375,0.3783625454665866,-9.61475,ramp 97%,2.5073740482330322
491,1493.2421789909347,773.5347165264754,0.3786241191286315,-9.634275,ramp 97%,2.559976100921631
492,1160.5060012153165,686.5390397210456,0.3790077926870364,-9.6538,ramp 98%,2.2995200157165527
493,1288.1199161755715,733.9218683180185,0.3792692491394028,-9.673325000000002,ramp 98%,2.418031930923462
494,1366.5001403675788,750.4746303039918,0.37962025588593507,-9.69285,ramp 98%,2.4210779666900635
495,1275.9310197249033,607.1495152591367,0.3798775230547899,-9.712375000000002,ramp 98%,2.1547231674194336
496,1206.0936954315741,740.3830840963155,0.3799731460381835,-9.7319,ramp 99%,2.5267632007598877
497,1344.0837192080955,698.7558055923378,0.37987244051765867,-9.751425000000001,ramp 99%,2.5398919582366943
498,1266.8607708567915,765.5443944866498,0.3797936807587065,-9.77095,ramp 99%,2.5865862369537354
499,1207.276625064512,611.5641957507266,0.3795626537287221,-9.790475,ramp 99%,2.303333044052124
