gen,best,mean,sigma,penalty_scale,correction_scale,gravity,phase,elapsed_s
0,-57.675241472127595,-73.62174047002074,0.4904734760209078,0.2,0.0,-8.77101389116834,random,1.5603699684143066
1,-53.64082745001679,-70.66806789571686,0.4821595438436953,0.20400000000000001,0.0025,-9.10590128899425,random,0.1773369312286377
2,-54.11446177403629,-70.20102579075277,0.47476563633992813,0.20800000000000002,0.005,-6.226429703123575,random,0.2032761573791504
3,-36.78078337162919,-67.15640196778114,0.4681297678342545,0.21200000000000002,0.0075,-11.322818768077399,random,0.22218012809753418
4,-42.39424839227262,-63.70935691940724,0.4622810152363805,0.21600000000000003,0.01,-8.019534645078682,random,0.21060824394226074
5,-36.62352930440772,-62.98529771005966,0.45694641233982997,0.22000000000000003,0.0125,-8.281582005086555,random,0.23280096054077148
6,-27.375154117574127,-57.939323595039944,0.4522160100861564,0.224,0.015,-8.669862765151375,random,0.29813599586486816
7,-33.29978983882216,-57.307695015551374,0.44772721557884987,0.228,0.0175,-7.95853490385892,random,0.28545618057250977
8,-11.015885515178175,-53.70859849152099,0.4436585609295632,0.232,0.02,-10.011893836757043,random,0.2685518264770508
9,-10.776803483207209,-51.36656140013095,0.4398285570408108,0.23600000000000002,0.0225,-8.38700604571643,random,0.34517765045166016
10,1.394844050320619,-47.95730121805791,0.4364001867823776,0.24000000000000002,0.025,-8.390771393967075,random,0.35263824462890625
11,44.10389274184513,-50.4509275422068,0.4333316923568171,0.24400000000000002,0.0275,-6.02232932729727,random,0.4243462085723877
12,75.77040377334153,-31.901185004640627,0.4304529951429315,0.248,0.03,-6.8007846883382435,random,0.4961731433868408
13,111.15321332769793,-10.326207853260787,0.4278109451268263,0.252,0.0325,-9.368560668064708,random,0.4731929302215576
14,115.25172362351213,-6.221554754821136,0.4253401585255207,0.256,0.035,-9.31879632417466,random,0.5035569667816162
15,157.81562167584778,22.386476546921976,0.42301439089265547,0.26,0.0375,-7.922500575704786,random,0.6109559535980225
16,154.51869650117422,-14.869751255131415,0.4207396614724489,0.264,0.04,-6.116131855048682,random,0.6180338859558105
17,145.3560490534802,39.299053320320624,0.4186446588989853,0.268,0.0425,-10.48372485859818,random,0.5643699169158936
18,157.18435304899003,34.35671231510681,0.41671489046395127,0.272,0.045,-8.394826185481708,random,0.5887269973754883
19,146.3950839020002,35.7416787582736,0.4147873204090522,0.276,0.0475,-11.179704866463144,random,0.5075950622558594
20,178.79497258524535,35.58801839980547,0.4130642042174535,0.28,0.05,-7.475691804541053,random,0.7275331020355225
21,146.5448216771341,60.97935224060643,0.4114524193904138,0.28400000000000003,0.0525,-11.577431130489337,random,0.6236541271209717
22,163.41094108226494,-27.225321005555145,0.40994173524682076,0.28800000000000003,0.055,-6.274581910504119,random,0.7573730945587158
23,163.3023297162898,48.27751947621873,0.4087121543640731,0.29200000000000004,0.0575,-7.036274634082902,random,0.7712709903717041
24,139.71654028743612,26.423622741986275,0.40770713297748834,0.29600000000000004,0.06,-10.259503693203003,random,0.6104698181152344
25,153.03875875201356,12.331495514168155,0.4069143790168921,0.30000000000000004,0.0625,-9.031787748690942,random,0.6656765937805176
26,184.55100619864388,59.18632463238314,0.4061531762002044,0.30400000000000005,0.065,-10.44118063845311,random,0.6934390068054199
27,149.3810160018104,48.82874892525725,0.40557756639063947,0.30800000000000005,0.0675,-8.75136533136956,random,0.8000640869140625
28,153.74591964666197,9.491411382559722,0.4050150555496193,0.31200000000000006,0.07,-8.338819633066219,random,0.8000092506408691
29,167.12617342792905,38.06286288737801,0.4044748383688028,0.316,0.0725,-8.427680970852926,random,0.809459924697876
30,149.01600532569546,71.23193365450811,0.4039735280026893,0.32,0.075,-9.973620500863106,random,0.7154576778411865
31,146.3159029213634,56.097453943398804,0.403494783977597,0.324,0.0775,-11.789103921397102,random,0.612001895904541
32,156.15889968477902,-12.551704386840143,0.402926216696642,0.328,0.08,-8.552017053906164,random,0.7652590274810791
33,158.56702486681442,44.70899510437136,0.4025166177322147,0.332,0.0825,-8.301160240047304,random,0.7844798564910889
34,221.07367499106178,73.19025434174264,0.4020649216361852,0.336,0.085,-9.178678099008872,random,0.7183449268341064
35,163.42973701635535,63.26413636316837,0.4017289891129133,0.33999999999999997,0.0875,-8.724366171993983,random,0.7426960468292236
36,160.36950028122328,73.93139457289578,0.4014154674132624,0.344,0.09,-11.519623350261343,random,0.7664411067962646
37,191.8179474838573,35.20097930992754,0.401066947822329,0.348,0.0925,-9.095125437193936,random,0.776677131652832
38,254.43253765466127,28.69453808463419,0.4008355454501488,0.35200000000000004,0.095,-7.215940773211982,random,0.8884632587432861
39,146.99425132555493,71.17872248408953,0.40060219158896426,0.35600000000000004,0.0975,-11.317877486247749,random,0.7114748954772949
40,180.42830029410445,-25.367342825632313,0.40044576023332856,0.36000000000000004,0.1,-6.355679900687329,random,0.911949872970581
41,159.31089419175242,55.83545957201426,0.4003347067209322,0.364,0.1025,-8.82921407885327,random,0.779961109161377
42,151.29945832406477,77.54864416955922,0.4003460432506707,0.368,0.105,-11.739331215776785,random,0.752018928527832
43,263.746142937354,5.741536271963793,0.40055002114914345,0.372,0.1075,-8.232012619516027,random,0.8836429119110107
44,268.01648284651975,-31.153089741509838,0.40077661809672027,0.376,0.11,-6.592191639218948,random,0.8816287517547607
45,217.57013752157317,34.93640855778523,0.4010899774834074,0.38,0.1125,-9.319010683322281,random,0.8668718338012695
46,276.2062954756535,12.555003716859748,0.40130854211103156,0.384,0.115,-6.623942178947307,random,0.9413049221038818
47,305.80496796782165,-2.6016074710863677,0.4015277121327158,0.388,0.1175,-6.038694824435183,random,0.9565708637237549
48,178.17130203451885,67.44857806355506,0.40173892469456296,0.392,0.12,-9.46114412795494,random,0.7423551082611084
49,301.6011363589235,65.48536913869518,0.4018312640341543,0.396,0.1225,-7.5547454762525055,random,0.9125881195068359
50,255.35617305704318,78.9037790374064,0.40204138771890574,0.4,0.125,-10.622342755850434,random,0.850761890411377
51,265.0569123206733,8.775222068689674,0.40235271444105486,0.404,0.1275,-10.084596350292028,random,0.8453860282897949
52,278.83152208299657,55.94054179729701,0.40255730319124294,0.40800000000000003,0.13,-9.81542362115626,random,0.9020867347717285
53,337.82793343886505,91.20219070770847,0.40271537237688476,0.41200000000000003,0.1325,-9.209019111827663,random,0.9435508251190186
54,221.22369979194806,34.021417899924444,0.40307159604925397,0.41600000000000004,0.135,-10.349569571178087,random,0.8716070652008057
55,291.7544584719115,26.754003451780203,0.40341858611652237,0.42000000000000004,0.1375,-7.2881064005139775,random,1.0725109577178955
56,309.2846475207087,46.29552670838895,0.4035708742989249,0.42400000000000004,0.14,-9.094358011752774,random,0.9215209484100342
57,354.9098076871166,79.40119799080131,0.4039152029284873,0.428,0.1425,-10.326634188511056,random,0.9013798236846924
58,280.4536612565862,-44.86376548163256,0.4043728902762485,0.432,0.145,-6.7537191020455465,random,1.038926124572754
59,263.95443556092215,38.989926557177206,0.40489622697588457,0.436,0.1475,-7.5818009047195005,random,0.9446389675140381
60,230.33692538373293,89.71070041698917,0.4055375536376387,0.44,0.15,-11.230696312920948,random,0.8575658798217773
61,243.44446042630412,92.22547204642535,0.4059691914351589,0.444,0.1525,-9.895985517785327,random,0.928290843963623
62,273.8815103976429,18.42762730728534,0.4063381101085522,0.448,0.155,-7.063280338859742,random,0.9937338829040527
63,279.03892537279603,86.46053992188953,0.4067173355319707,0.452,0.1575,-11.126176276301017,random,0.8401391506195068
64,293.50630257924774,101.89698692638954,0.40706695453001945,0.456,0.16,-10.080667033081884,random,0.8919382095336914
65,293.7812728317181,93.71550132511202,0.40750918030165256,0.46,0.1625,-11.747885430152554,random,0.8872840404510498
66,305.32772693206425,-3.9979596332502467,0.4077860585294875,0.464,0.165,-6.848151229677097,random,1.097998857498169
67,328.4667360611198,-20.06490330819014,0.4082520852437781,0.468,0.1675,-6.0735549263379305,random,1.02260422706604
68,203.46602004471956,49.19825180050117,0.4086874426086891,0.47200000000000003,0.17,-11.580280983092958,random,0.8915629386901855
69,291.6482101532669,85.98911168536308,0.4090909162638901,0.476,0.1725,-9.290369910499049,random,0.9557271003723145
70,260.6711489552742,17.470475455591163,0.40959689616548484,0.48,0.175,-11.91416537822639,random,0.7599709033966064
71,288.24210666691505,56.38149454558277,0.41012838992367445,0.484,0.1775,-11.258189787442722,random,0.7906677722930908
72,308.4332605330089,-3.6386135213571107,0.4106286119188167,0.488,0.18,-9.752039290802925,random,0.9212229251861572
73,544.9957570325172,26.32913751516073,0.4111048631163301,0.492,0.1825,-7.064302611682268,random,1.0147709846496582
74,300.8791069497624,46.2239382261529,0.411516122018564,0.496,0.185,-9.756930753069302,random,0.9468722343444824
75,305.71804655468065,41.08765161394573,0.41195434436453754,0.5,0.1875,-6.731481239467247,random,1.140052080154419
76,308.2860095256013,53.3660159200011,0.4124926783998473,0.504,0.19,-6.445913199710697,random,1.012944221496582
77,291.4993664510961,72.27207252775732,0.41279492780476706,0.508,0.1925,-8.221042593227532,random,0.957385778427124
78,257.2980557132851,47.47223275139927,0.41310791110674505,0.512,0.195,-9.524095671678262,random,0.8076059818267822
79,187.64378289298938,24.514644526030576,0.41325099490266404,0.516,0.1975,-11.836687259311663,random,0.7337391376495361
80,270.6934482214074,64.83172929479221,0.4133553020839237,0.52,0.2,-11.211623456549948,random,0.7929370403289795
81,256.03265004011314,83.941291864143,0.41336048285005994,0.524,0.2025,-10.29799825423903,random,0.9250051975250244
82,281.00208203012124,30.66619225637033,0.4134057787974579,0.528,0.205,-9.199972251439034,random,0.8756921291351318
83,304.9870074710922,51.66224179784304,0.413520650316676,0.532,0.2075,-8.307737506227175,random,1.0072011947631836
84,292.36251820230456,28.228293168397272,0.4135847957309687,0.536,0.21,-8.794862097086693,random,1.0188889503479004
85,369.87658613935287,74.24995781545002,0.4136330077898726,0.54,0.2125,-9.30729647258012,random,1.0718867778778076
86,311.8641497252065,123.62696657740187,0.4136728102835276,0.544,0.215,-7.6796654405417195,random,1.0728647708892822
87,276.66238916969064,98.2974279012218,0.41369456788286635,0.548,0.2175,-8.343702233660448,random,1.0593080520629883
88,254.52274323106334,22.574874947638904,0.41357649028939764,0.552,0.22,-7.039765793104743,random,1.1710000038146973
89,304.2178434455603,99.71965136392241,0.4134185971091298,0.556,0.2225,-10.391839537498765,random,0.866523027420044
90,249.79800146926104,71.22558920412034,0.41340023937902676,0.56,0.225,-10.20982283617029,random,0.9708070755004883
91,293.6066203968124,82.70069190341226,0.4132487356121265,0.5640000000000001,0.2275,-7.02857789558781,random,1.0880348682403564
92,267.6987258524002,109.77710313115195,0.4131232296285998,0.5680000000000001,0.23,-8.597768266097567,random,1.101348876953125
93,276.87085805945776,57.46642865063741,0.4130460353940969,0.5720000000000001,0.2325,-7.303036998283886,random,1.1652472019195557
94,294.96269469617164,66.40888914458887,0.4128810440056388,0.5760000000000001,0.235,-7.071161608323328,random,1.0209238529205322
95,234.6138751531262,72.69048547028682,0.4127230649041195,0.5800000000000001,0.2375,-10.805384553353482,random,0.8560810089111328
96,257.9449615601434,129.75361030833074,0.41252101075585784,0.5840000000000001,0.24,-8.028348691358135,random,1.011573076248169
97,275.99939072093474,65.94644006369454,0.41234037698334486,0.5880000000000001,0.2425,-9.379328604071954,random,0.9744336605072021
98,357.93910668046163,72.98308082406477,0.4122344369017306,0.5920000000000001,0.245,-7.462630228642318,random,1.0953431129455566
99,272.84590295231317,137.59188533802606,0.41213332768409894,0.5960000000000001,0.2475,-9.2925476421599,random,1.0060968399047852
100,390.59232742449035,108.03719773116669,0.4120849084297816,0.6000000000000001,0.25,-8.986168533633464,random,0.9711441993713379
101,373.3570161256719,78.32121419176555,0.41198785677228233,0.6040000000000001,0.2525,-6.300916276281796,random,1.177649974822998
102,278.1401124985307,144.60703022492095,0.4118080035922706,0.6080000000000001,0.255,-9.711180480037955,random,0.967249870300293
103,418.06486850051334,111.63624755706891,0.411565154868471,0.6120000000000001,0.2575,-7.449117591393879,random,1.1996212005615234
104,492.5173756661557,28.110878547583706,0.4113911580230363,0.6160000000000001,0.26,-7.839523257975364,random,1.0643038749694824
105,296.014773715936,40.38099101090357,0.41123086056221453,0.6200000000000001,0.2625,-11.534863161445873,random,0.9311637878417969
106,302.117754627093,9.416339528791037,0.4110383853331743,0.6240000000000001,0.265,-6.738478623229094,random,1.0707361698150635
107,494.4919002283382,82.44440594869153,0.4106294073164786,0.6280000000000001,0.2675,-6.101149950901448,random,1.0906550884246826
108,482.90526859515904,109.14635193510946,0.4103695890405674,0.6320000000000001,0.27,-9.3979601321523,random,0.9779698848724365
109,354.7084081429737,111.35258932993202,0.4100783866067181,0.6360000000000001,0.2725,-9.815941840801546,random,0.9078006744384766
110,281.7507397914276,71.38369779341525,0.4097542882058127,0.6400000000000001,0.275,-9.192185834459753,random,1.054980993270874
111,410.1674517489232,55.790604679945105,0.4093564951830913,0.6440000000000001,0.2775,-8.021209722232234,random,1.0599229335784912
112,387.9197014208531,87.94225201187507,0.4091038871894564,0.6480000000000001,0.28,-7.098837697784484,random,1.2065699100494385
113,299.6870210536621,113.35675277823164,0.40892026119275127,0.6519999999999999,0.2825,-10.635312069258497,random,0.9834120273590088
114,414.9973775976221,99.73465754956506,0.40866051634938005,0.6559999999999999,0.285,-6.385322163854191,random,1.2260231971740723
115,259.40592563749186,60.032115179760446,0.40839045645723004,0.6599999999999999,0.2875,-7.107326655979643,random,1.2137200832366943
116,305.8703826338831,62.45321090626628,0.408125030761635,0.6639999999999999,0.29,-8.143378897879812,random,1.0381031036376953
117,406.5783231467918,80.88247221910329,0.40783014378810944,0.6679999999999999,0.2925,-7.066485700691124,random,1.1827800273895264
118,454.36934751906614,123.9529845623287,0.4075818582307071,0.6719999999999999,0.295,-6.400325908720169,random,1.1512250900268555
119,310.81048502332084,29.54749962082777,0.40712473880308714,0.6759999999999999,0.2975,-10.884323621205638,random,0.918766975402832
120,337.2930354835733,76.40840245126353,0.40679132763061926,0.6799999999999999,0.3,-11.615002434503973,random,0.962573766708374
121,346.6697985556727,45.97791117407915,0.40644751698006104,0.6839999999999999,0.3025,-10.45715887506653,random,0.8760108947753906
122,394.6495473111906,97.44810563746049,0.4061820698176834,0.688,0.305,-8.431394950374445,random,1.1410210132598877
123,458.89633474746665,89.4357425263867,0.40601396196772777,0.692,0.3075,-10.115434640537561,random,1.0277557373046875
124,406.2888083984703,72.30101684334397,0.40576789592944335,0.696,0.31,-10.43031128226457,random,1.0003082752227783
125,517.8503699936313,101.9188508424465,0.40556043844773465,0.7,0.3125,-7.770242604562844,random,1.152332067489624
126,434.13388091794883,84.35117428316077,0.40546986970886184,0.704,0.315,-8.904604339798686,random,1.038201093673706
127,415.85609350195455,130.52714781822039,0.40547383212303817,0.708,0.3175,-7.209346475077263,random,1.1201491355895996
128,326.9669687210018,61.12186089174911,0.40557826769717853,0.712,0.32,-11.679865985251599,random,0.9500439167022705
129,455.84050036031385,45.70173436675659,0.4055970727573916,0.716,0.3225,-9.373951684889713,random,1.0154356956481934
130,341.65304442302613,49.30639202090259,0.40541546983001403,0.72,0.325,-11.156931468117659,random,0.9141221046447754
131,500.2894294836188,121.28152129546602,0.40539928092692734,0.724,0.3275,-6.270973940779946,random,1.098912000656128
132,556.8742676943479,167.64280044983542,0.4054829774829286,0.728,0.33,-8.244519656655001,random,1.1437559127807617
133,616.745612498096,121.86781064793202,0.4055635250456463,0.732,0.3325,-8.16543436172321,random,1.1079990863800049
134,513.1036577285356,130.85309463629886,0.4056527604579035,0.736,0.335,-9.570113017689062,random,1.0886337757110596
135,513.6542000639389,153.21934748059692,0.4057621298859954,0.74,0.3375,-7.530477991465675,random,1.1492290496826172
136,460.9530941310124,101.680157051386,0.40585168093523477,0.744,0.34,-11.828068086764501,random,1.0387451648712158
137,610.1596317201743,132.43188944522146,0.40582005139347405,0.748,0.3425,-6.570418806538258,random,1.1861729621887207
138,495.1361027193107,93.31982434228959,0.40561221616929355,0.752,0.345,-11.417385865674197,random,0.9841041564941406
139,509.07223823442064,59.730259934196646,0.40544687398796814,0.756,0.3475,-10.88332052234437,random,1.0324571132659912
140,625.3724797516419,185.04062298366813,0.40539855583913853,0.76,0.35,-6.931584179088238,random,1.1843492984771729
141,425.15824479806065,169.92636060980607,0.4054271945907303,0.764,0.3525,-10.707850362134012,random,1.0340678691864014
142,588.8567492579485,92.15860352142617,0.40551259954415997,0.768,0.355,-8.8814326258986,random,1.1225669384002686
143,659.228651192669,171.79775667146205,0.405556532693905,0.772,0.3575,-6.8923145335743765,random,1.388611078262329
144,703.2402589178937,181.74948925118343,0.40558917829179136,0.776,0.36,-6.067202898129261,random,1.3210759162902832
145,703.4889240615861,146.37907616450508,0.4057586155631758,0.78,0.3625,-9.530490851902593,random,1.1601710319519043
146,797.9264187831895,144.56691960330218,0.40602168373408487,0.784,0.365,-7.867567416940265,random,1.2427561283111572
147,498.108018938185,214.016872838986,0.4062181376784141,0.788,0.3675,-8.859420001812698,random,1.2567970752716064
148,441.0740253641348,51.31328508724196,0.40628102765601737,0.792,0.37,-10.615547353592564,random,1.088641881942749
149,558.5380156871892,97.38345279874571,0.4064688225655913,0.796,0.3725,-6.246117851390519,random,1.158324956893921
150,428.5235833525114,133.42706054344964,0.4066494132244531,0.8,0.375,-6.519426538354555,random,1.395057201385498
151,782.1288813350284,156.15934995767327,0.4069335997866006,0.804,0.3775,-6.8087742682052514,random,1.3613722324371338
152,619.3234743761701,124.08401229439778,0.40729274252184433,0.808,0.38,-7.268762928702435,random,1.205353021621704
153,614.8848053701071,107.30121820462239,0.40767895786744585,0.812,0.3825,-8.71001173007107,random,1.307116985321045
154,471.6287159878877,140.47832089285777,0.4079988331905509,0.8160000000000001,0.385,-6.713192277923639,random,1.261040210723877
155,697.6128104827689,168.79357742663802,0.40825236723019737,0.8200000000000001,0.3875,-7.053806148455255,random,1.3127148151397705
156,829.4452106711277,229.14685935577123,0.40865374126964404,0.8240000000000001,0.39,-6.119789647197169,random,1.4821240901947021
157,680.1954881295264,190.80940105240603,0.40914283224948117,0.8280000000000001,0.3925,-6.220775269845911,random,1.3135380744934082
158,624.233092762554,116.74102529365955,0.40951799045735987,0.8320000000000001,0.395,-8.318200004405071,random,1.278048038482666
159,482.0701752958287,121.62950096891845,0.40982226185654164,0.8360000000000001,0.3975,-7.074079379571192,random,1.3676857948303223
160,333.9008083062039,13.9039196338371,0.41012059921074484,0.8400000000000001,0.4,-11.463596271708807,random,1.218796968460083
161,690.1690329209099,73.95341447742605,0.41038394169934206,0.8440000000000001,0.4025,-9.414264651428798,random,1.2313120365142822
162,673.1014660264856,225.873947819971,0.4105847248386127,0.8480000000000001,0.405,-6.585480359090029,random,1.3573107719421387
163,570.7095393755782,73.59547728279512,0.41089879232895005,0.8520000000000001,0.4075,-11.114973225421512,random,1.213026762008667
164,829.4254602785722,158.88577991934935,0.4111205620799225,0.8560000000000001,0.41,-6.224464508075613,random,1.3117139339447021
165,463.2220202965032,1.8951610306828628,0.411531154305736,0.8600000000000001,0.4125,-9.408307159427485,random,1.3257231712341309
166,566.0681540204155,136.71508634510516,0.41197850329100333,0.8640000000000001,0.415,-7.436418796380605,random,1.1956381797790527
167,583.602111910131,90.37895232113347,0.4123316732534054,0.8680000000000001,0.4175,-9.196185871550512,random,1.1342151165008545
168,464.92676859532804,109.29269883469132,0.4126523330778496,0.8720000000000001,0.42,-11.435446891445542,random,1.3343429565429688
169,786.5761728639354,126.84620726643581,0.4128676222107874,0.8760000000000001,0.4225,-7.343347630477394,random,1.30910325050354
170,893.1010773892309,176.03182464982598,0.4132070106209134,0.8800000000000001,0.425,-9.350236466414062,random,1.2638840675354004
171,570.4641505083972,73.64051325637917,0.4135708799146465,0.8840000000000001,0.4275,-6.925413042391857,random,1.2024481296539307
172,602.7705763907414,103.32535285049195,0.41399063026897626,0.8880000000000001,0.43,-7.275793226050089,random,1.1976609230041504
173,666.0998851588034,132.76381680902855,0.41452940267853844,0.8920000000000001,0.4325,-10.538577271419156,random,1.3205468654632568
174,569.9401972864162,61.67400620992387,0.41511203060784474,0.8960000000000001,0.435,-11.276422215206972,random,1.0961670875549316
175,536.4537707359526,29.11298313403837,0.4157476732712181,0.9000000000000001,0.4375,-10.24387440014055,random,1.0633740425109863
176,568.7600872185203,85.00091441471594,0.41644858799712353,0.9040000000000001,0.44,-10.012786233191068,random,1.080232858657837
177,739.4529340092195,77.80748734958229,0.41713390795051464,0.9080000000000001,0.4425,-11.333552942545126,random,1.3013334274291992
178,704.78524707851,84.2537387468971,0.41796384489065797,0.9120000000000001,0.445,-8.059699295636944,random,1.2070260047912598
179,598.058527304806,81.77252474268744,0.41893119817878477,0.9160000000000001,0.4475,-8.770463118021402,random,1.4624559879302979
180,819.9293927049788,88.56986113713735,0.41968797641032446,0.9200000000000002,0.45,-6.5303237454185945,random,1.653921127319336
181,685.0168120744914,231.5946791040732,0.420217393055101,0.9240000000000002,0.4525,-8.034804965721266,random,1.316772222518921
182,631.8999422035154,115.75555315745491,0.4207793130628583,0.9280000000000002,0.455,-8.849590868304933,random,1.0829951763153076
183,835.1139512732287,241.9106313858534,0.4213302493289173,0.9320000000000002,0.4575,-9.457959461213616,random,1.2511680126190186
184,635.1699202360521,67.20510366081912,0.42184684906830394,0.9360000000000002,0.46,-7.934116358225211,random,1.0781221389770508
185,736.391034397528,82.64737720104452,0.4222065828792176,0.9400000000000002,0.4625,-11.425009995964055,random,0.9959888458251953
186,777.3204145253266,168.8024465003184,0.42251344254081946,0.9440000000000002,0.465,-9.30647751489062,random,1.2249107360839844
187,771.1730481503406,55.10362105264005,0.4227660900242898,0.9480000000000002,0.4675,-7.979949119848623,random,1.0481081008911133
188,715.3854344870921,117.43788456913512,0.42291854443156196,0.952,0.47,-10.904737059798826,random,1.099229097366333
189,776.0107826786256,156.33782255451328,0.4230362540481679,0.956,0.4725,-6.428392442226254,random,1.198293924331665
190,769.4570052879366,93.73831755272923,0.42312712199497315,0.96,0.475,-6.237899532306014,random,1.1844308376312256
191,523.6642958308677,162.72269065827328,0.4231479058828193,0.964,0.4775,-8.883551697536895,random,1.1238281726837158
192,832.4816879355104,188.46868076047502,0.42311136309506664,0.968,0.48,-8.989122304679421,random,1.1594691276550293
193,716.1769907301033,147.1728113204087,0.42318590520076077,0.972,0.4825,-8.564115055454863,random,1.2122409343719482
194,609.2368651446526,130.64244367134438,0.42320249161015056,0.976,0.485,-10.140098989395668,random,1.1783409118652344
195,775.4302085111603,114.82340297417495,0.4231168944194551,0.98,0.4875,-11.8277717793692,random,1.1406168937683105
196,893.2653805776102,286.9500207656024,0.42301856592675247,0.984,0.49,-8.620481824506083,random,1.2970197200775146
197,897.5812166576019,226.18385077860748,0.4227825873698265,0.988,0.4925,-8.520750409750073,random,1.2660670280456543
198,635.8102136788438,178.97068268517896,0.42235290115346996,0.992,0.495,-10.697187879695162,random,1.2123761177062988
199,649.6622402362971,146.0682994121303,0.42198010245149975,0.996,0.4975,-10.565887345080997,random,1.150146722793579
200,752.33839665018,208.10831084254536,0.42154969914070967,1.0,0.5,-9.698315410446881,random,1.2250208854675293
201,926.8137398910732,207.40929763164445,0.42128967350239843,1.0,0.5,-9.215531056216014,random,1.2451767921447754
202,825.1246725863342,151.51699738580447,0.42114554379227165,1.0,0.5,-7.494559269834814,random,1.2693722248077393
203,796.3875464993162,123.08051975950279,0.4210318193076756,1.0,0.5,-11.788014934974807,random,1.1227169036865234
204,605.5157409226578,131.16600997539382,0.42093113425498846,1.0,0.5,-11.681029087132876,random,1.1775529384613037
205,702.6685070100848,189.53568012707507,0.42083127231856027,1.0,0.5,-11.128757498945669,random,1.108415126800537
206,1039.9522640109471,122.47065791550224,0.42072365763626074,1.0,0.5,-9.396570290263702,random,1.1671819686889648
207,978.5296229751044,272.69876716188946,0.4207817289845135,1.0,0.5,-9.599161787902192,random,1.3166511058807373
208,836.107425213284,179.54123944770828,0.42067788286510566,1.0,0.5,-8.232711179208792,random,1.1525487899780273
209,651.8740684341818,199.7731233972543,0.42051867297865336,1.0,0.5,-6.740236971516206,random,1.2287979125976562
210,863.9399347549679,173.6755116177764,0.42030968913860584,1.0,0.5,-9.662924375973926,random,1.1879210472106934
211,978.4475565382301,341.5814042954465,0.420067341724415,1.0,0.5,-11.277237102677542,random,1.2643661499023438
212,753.1187036341144,92.77447608578873,0.41981984591960764,1.0,0.5,-8.182616393026004,random,1.0589189529418945
213,598.4555627409247,137.66303214166177,0.41966761012745046,1.0,0.5,-11.06807167649371,random,1.0508008003234863
214,699.862385760863,190.58015840027187,0.4195786842754676,1.0,0.5,-7.96998501760621,random,1.137380838394165
215,861.7706897167694,154.64390622330401,0.419377315334723,1.0,0.5,-10.582622639488022,random,1.1042959690093994
216,987.6463843319144,222.34361865581468,0.41912296212066,1.0,0.5,-10.22586821446935,random,1.361670970916748
217,805.8767747991454,199.02450818148827,0.4189726556916712,1.0,0.5,-11.806873696142317,random,1.1443908214569092
218,793.1665143084709,229.77883044544114,0.41896714317597084,1.0,0.5,-8.225042522327756,random,1.1971209049224854
219,933.0005195974637,349.61582834283007,0.4190851626454427,1.0,0.5,-10.636353764591695,random,1.3276658058166504
220,777.2711990735652,280.5310596393666,0.4189075286606973,1.0,0.5,-8.596272942926333,random,1.2124979496002197
221,996.4628483441038,339.71383507328426,0.41871326870032677,1.0,0.5,-9.007837667736956,random,1.161970853805542
222,1069.812952920425,308.1147162929765,0.41853458454549985,1.0,0.5,-9.14859444883273,random,1.221937894821167
223,975.4873083830549,238.3284095446577,0.41836650892149146,1.0,0.5,-9.335302699982147,random,1.117370843887329
224,796.040490402827,226.75893860896912,0.41820164917142266,1.0,0.5,-6.16655717394342,random,1.2402830123901367
225,923.9730653104498,230.05314404552217,0.4180777271253423,1.0,0.5,-7.258796119929633,random,1.3388381004333496
226,809.4456131392132,242.92518485048336,0.41793700919718824,1.0,0.5,-10.857112091788862,random,1.2652111053466797
227,920.2049433890103,322.08460487530203,0.41772556078157586,1.0,0.5,-8.851772992530107,random,1.3454818725585938
228,939.3824819612327,261.46049192490943,0.41742616771915036,1.0,0.5,-8.220722498799859,random,1.3269619941711426
229,1033.8097709347442,220.51967791750013,0.4171896813458439,1.0,0.5,-10.633194669250333,random,1.2954318523406982
230,1201.5296697265976,230.3466926928304,0.4168225986087817,1.0,0.5,-10.170275515134309,random,1.2711360454559326
231,1203.1966517962567,369.51686174918603,0.41648779783362544,1.0,0.5,-6.856551250984559,random,1.3529579639434814
232,1117.8503555244777,327.71671404951337,0.4160693227436611,1.0,0.5,-11.56825940850117,random,1.309601068496704
233,843.7853492618929,138.72748837079115,0.41577608432056923,1.0,0.5,-11.00299626280847,random,1.1554019451141357
234,1063.3841189046782,348.1226378778068,0.4155841329852648,1.0,0.5,-8.786955181136031,random,1.2881300449371338
235,911.13814097485,280.5424101100574,0.41541073494535136,1.0,0.5,-9.820188127117452,random,1.1781749725341797
236,758.8032678542081,292.8756864405379,0.41536912354721844,1.0,0.5,-9.66916263443386,random,1.3852159976959229
237,1145.670453976583,428.66678129641076,0.41533063907928836,1.0,0.5,-10.103583893515829,random,1.5026090145111084
238,842.1940048187356,262.17457723846303,0.41531193844334485,1.0,0.5,-10.531397475989573,random,1.1685690879821777
239,897.6462597512408,384.960844319868,0.4152605218492847,1.0,0.5,-10.295134225227311,random,1.3657960891723633
240,1310.5358140348562,449.0107256098552,0.4152539505540129,1.0,0.5,-6.559774125876585,random,1.4874780178070068
241,794.5492551047163,323.3220801295118,0.4152059527289125,1.0,0.5,-10.928389379404907,random,1.312129020690918
242,1021.9001500516302,348.6319276550595,0.4152660212979059,1.0,0.5,-8.68617746270006,random,1.150745153427124
243,1313.4412599239974,276.55298056190605,0.4154531749990786,1.0,0.5,-6.109092572621011,random,1.3705267906188965
244,948.1539219632718,168.27738310508806,0.4154645885275723,1.0,0.5,-7.237078507589884,random,1.1608829498291016
245,1406.2258182814976,471.6377384331455,0.4156761434719176,1.0,0.5,-8.701454777427214,random,1.531797170639038
246,986.267287020531,444.0167411084837,0.41587780218326614,1.0,0.5,-10.681807771375839,random,1.418837070465088
247,836.746839438375,392.5600822845396,0.41598510351259155,1.0,0.5,-7.3611366082315515,random,1.3013818264007568
248,992.4630721760155,305.56335423757247,0.41601335261466327,1.0,0.5,-9.060337330680104,random,1.2642312049865723
249,1089.855601658866,245.36897032690598,0.4159544845620798,1.0,0.5,-7.792945248592559,random,1.3051068782806396
250,1229.9912867954904,348.66389828783394,0.41570416829548007,1.0,0.5,-11.228159978431615,random,1.423285961151123
251,955.4049716718397,197.78015872807072,0.4153477360257513,1.0,0.5,-6.83487869394095,random,1.0418930053710938
252,1046.1282401780857,331.5351032746565,0.41491396391573543,1.0,0.5,-8.037057977289791,random,1.2200279235839844
253,916.2934854062172,375.13596627110576,0.41438994572530674,1.0,0.5,-6.249346331925345,random,1.375014066696167
254,1491.5928005850417,375.91441903260903,0.41391098478982746,1.0,0.5,-9.057618046142872,random,1.3501548767089844
255,891.8702345761316,347.87948253862885,0.4135018737200718,1.0,0.5,-8.857060038122178,random,1.33333420753479
256,948.6330439233889,315.6969030050815,0.4130994762136619,1.0,0.5,-10.987004770854279,random,1.2583601474761963
257,910.0635972477107,457.1018227774422,0.4128298646851591,1.0,0.5,-8.564543195114783,random,1.3694820404052734
258,914.7593321680355,364.52033490942614,0.41248864549837533,1.0,0.5,-11.22966055051973,random,1.2947988510131836
259,873.0040624553768,363.20318696886454,0.4119294898349298,1.0,0.5,-11.146141061584084,random,1.360766887664795
260,1206.00930088682,322.7569005849048,0.411403584893773,1.0,0.5,-8.837285766676128,random,1.2746469974517822
261,1124.5702014783299,260.71599380151235,0.41083143131460037,1.0,0.5,-7.270762232963031,random,1.135664939880371
262,1166.3636402680897,354.1366617173861,0.4102536167763177,1.0,0.5,-10.63573820818945,random,1.3104729652404785
263,823.8341511766542,413.81959644523596,0.4096843530475409,1.0,0.5,-11.956713602405577,random,1.329904317855835
264,1012.0658338932739,487.77907784222623,0.40917007417997464,1.0,0.5,-10.719546571693801,random,1.4251179695129395
265,1052.240703015624,412.5674017051659,0.40871430477474086,1.0,0.5,-11.7664398155605,random,1.3518919944763184
266,1109.5425484596742,311.23275658396733,0.40833159571475164,1.0,0.5,-7.531028472641067,random,1.2150349617004395
267,1008.8608582404604,237.03921612020002,0.40809815845833275,1.0,0.5,-6.4231985453637135,random,1.274731159210205
268,1091.2836420781002,219.97565653924056,0.40778558042529184,1.0,0.5,-6.199600779499755,random,1.206930160522461
269,830.5843856612024,117.16069796758079,0.40747674150847213,1.0,0.5,-11.03609579137742,random,1.2549681663513184
270,1090.4249168693204,328.66703316579674,0.4072865465045973,1.0,0.5,-10.095290167586466,random,1.2394347190856934
271,1276.6616177261997,507.8360181925489,0.40722423718829465,1.0,0.5,-8.89344809219785,random,1.4057517051696777
272,1164.1209405969055,280.8339095158097,0.4072278712723839,1.0,0.5,-11.989960930765058,random,1.2671990394592285
273,1005.9873063997976,429.3615252684182,0.40722446431981085,1.0,0.5,-7.682369625247713,random,1.482119083404541
274,1185.4807952810797,389.92198120555224,0.4071019163733232,1.0,0.5,-7.193738730075463,random,1.250154972076416
275,1136.6993129929408,404.6032415032902,0.4070341820158464,1.0,0.5,-8.51869866592619,random,1.269665002822876
276,970.0500797432355,260.66446264323133,0.4069544718793321,1.0,0.5,-7.242338486198202,random,1.22629714012146
277,930.2561864795089,271.74309312728417,0.4069086112491874,1.0,0.5,-8.21849199524973,random,1.186678171157837
278,1004.1884896479818,322.4732453884435,0.4068707991682343,1.0,0.5,-10.415993818885775,random,1.3555331230163574
279,1115.7178395563453,413.22920138756024,0.40682119506196834,1.0,0.5,-9.694443846369126,random,1.355794906616211
280,955.1807399132261,357.5037293981006,0.40673152257684514,1.0,0.5,-8.232116836748087,random,1.2898330688476562
281,1093.0764437393436,317.74070036082554,0.4066555478684976,1.0,0.5,-7.139712574130278,random,1.3066859245300293
282,950.150080478334,299.7129689456634,0.4065901251207365,1.0,0.5,-6.608288380091876,random,1.264232873916626
283,1003.2936233948182,401.36187169494053,0.40677562654694455,1.0,0.5,-7.257829291692042,random,1.4263439178466797
284,991.5302496990581,218.96035758851696,0.40688887388546224,1.0,0.5,-10.18792118056793,random,1.2951300144195557
285,962.274616806123,378.96967106050926,0.40697078988516955,1.0,0.5,-8.102462109327817,random,1.2643699645996094
286,1174.9794770027488,389.03731263797306,0.4069941562652467,1.0,0.5,-9.707302689450469,random,1.6194419860839844
287,1262.7052923103502,441.7193515032706,0.4069637845370215,1.0,0.5,-11.093922964417123,random,1.2707037925720215
288,1132.8645345693067,388.5863582588094,0.40701189561997997,1.0,0.5,-9.366406279778115,random,1.2949559688568115
289,1105.1134454978803,481.7088355405819,0.40717051640808616,1.0,0.5,-10.520222534539322,random,1.317296028137207
290,1054.390138123484,351.17351793713215,0.4073840099187196,1.0,0.5,-7.33920377498117,random,1.2498369216918945
291,1112.716174898727,417.7912747581255,0.4076649295580897,1.0,0.5,-6.513602660449019,random,1.3064792156219482
292,1418.1435463294356,433.16937497661803,0.40779309195599417,1.0,0.5,-8.253950615384246,random,1.2533628940582275
293,1245.7833709830275,450.1724842862157,0.40780827061866753,1.0,0.5,-10.426047662712149,random,1.2666230201721191
294,1017.4373246343242,420.03325904110955,0.4078693544504435,1.0,0.5,-9.715040901040586,random,1.2666211128234863
295,1164.4668643895454,503.035391159348,0.4079344136162849,1.0,0.5,-7.899208614922717,random,1.4202539920806885
296,1024.022879711727,438.9826378687509,0.4079590186930046,1.0,0.5,-7.312649722153199,random,1.4714491367340088
297,1112.3202228847392,408.57401002445624,0.40796472345664264,1.0,0.5,-8.97663915852462,random,1.3499219417572021
298,1145.9633478933654,354.86123846043483,0.40804256223256774,1.0,0.5,-9.17101341833655,random,1.2988789081573486
299,1490.3471939401331,396.420955580429,0.40824641528055605,1.0,0.5,-11.620357629629225,random,1.4686839580535889
300,1153.4433385022044,430.87151418832184,0.40845521349654496,1.0,0.5,-11.60056175671621,random,1.4852051734924316
301,1043.4277291209703,521.1056906765431,0.40857147802316324,1.0,0.5,-9.73077743499754,random,1.4602370262145996
302,1438.814521303638,495.2967581737891,0.40866475525819207,1.0,0.5,-10.063644573604744,random,1.6961417198181152
303,1231.9224385954724,475.4635724049207,0.40863813858000025,1.0,0.5,-11.757874567240053,random,1.3889076709747314
304,1030.2562795130168,417.2244621282345,0.40859801432442405,1.0,0.5,-6.839595173717974,random,1.2925729751586914
305,1645.8691148579298,385.8694666786588,0.4086284872889149,1.0,0.5,-10.853239261333982,random,1.3178198337554932
306,1287.8957193638157,428.16822624330325,0.4084997885835466,1.0,0.5,-11.82805588496085,random,1.4301457405090332
307,1136.0990004155053,542.358169414381,0.4085434325094031,1.0,0.5,-8.905746674937001,random,1.3797917366027832
308,1145.3476816547843,305.12709056208837,0.4085407194767956,1.0,0.5,-6.05267027488407,random,1.2285549640655518
309,1406.495933243147,492.9764978512603,0.40852063961438395,1.0,0.5,-9.56620633228927,random,1.3604979515075684
310,1156.7175139688386,565.6268431127345,0.4086274074541518,1.0,0.5,-10.014202428621438,random,1.5268659591674805
311,992.8678304778387,329.67075839465076,0.4088689418313789,1.0,0.5,-6.012383641020461,random,1.2063329219818115
312,1056.207679018231,520.7918393059616,0.4089942569290445,1.0,0.5,-10.583657928708758,random,1.3705708980560303
313,1163.304697956244,562.5396433285036,0.4091119846756202,1.0,0.5,-11.302842870186318,random,1.4407811164855957
314,1107.4228111994696,268.7631008501238,0.4090408161794976,1.0,0.5,-6.06806809829572,random,1.1735754013061523
315,1347.327033452438,539.2137767553174,0.40897853646902593,1.0,0.5,-10.294582214957588,random,1.3586900234222412
316,1178.0894228951363,513.0276137515299,0.40901467484008347,1.0,0.5,-10.736604757372858,random,1.3506219387054443
317,1398.2405143334333,500.17761829004,0.40888682992416997,1.0,0.5,-8.578964417571738,random,1.4705159664154053
318,1234.412219526702,572.9169461966898,0.4085971985728024,1.0,0.5,-8.658647291169338,random,1.434149980545044
319,1096.3759646881165,460.3544623517495,0.4082729737214292,1.0,0.5,-9.875959542725413,random,1.3255550861358643
320,1310.7627596675559,516.4033616006833,0.407852584696917,1.0,0.5,-11.271475544122103,random,1.5231029987335205
321,1148.9894822366784,369.59064220783307,0.4073566135034322,1.0,0.5,-6.462476758348439,random,1.1553199291229248
322,964.1743266908662,421.2927713088722,0.40682487090894043,1.0,0.5,-7.621791234627353,random,1.2356162071228027
323,958.4677348944605,441.44840294497897,0.40632158832764204,1.0,0.5,-7.016121713008348,random,1.2880799770355225
324,1165.8066167813515,594.2195918145519,0.4059396469919252,1.0,0.5,-7.985020550829196,random,1.3886668682098389
325,898.4652101291814,490.08107293736083,0.4055313374820115,1.0,0.5,-9.353848420318153,random,1.2904760837554932
326,1018.0301334575701,501.79097645857775,0.40528263516614316,1.0,0.5,-11.22074224035331,random,1.2862820625305176
327,1453.113034816425,438.9301828008212,0.40514304419336655,1.0,0.5,-6.690053649964858,random,1.3082408905029297
328,1173.050667317081,567.2060060580641,0.40511248855443827,1.0,0.5,-8.474958484099716,random,1.424872875213623
329,1251.8824391927303,441.40699670560207,0.4050995984787171,1.0,0.5,-10.680434660774361,random,1.3750779628753662
330,1268.7149232392067,409.7351331206597,0.40516730070184676,1.0,0.5,-8.99991273282345,random,1.363765001296997
331,1008.5433834137945,439.9595245634234,0.405134532384875,1.0,0.5,-6.436376376522044,random,1.2412889003753662
332,1239.708513034391,540.3651772883289,0.40506201306782824,1.0,0.5,-7.37944307640621,random,1.2716219425201416
333,1116.6780630503,484.65446839251143,0.4048829975941254,1.0,0.5,-10.130471359727323,random,1.42032790184021
334,1042.7570678809118,480.47707500000445,0.4045619707819,1.0,0.5,-10.927614778861383,random,1.4404151439666748
335,1303.6136031515025,533.5182299567309,0.4039952312904464,1.0,0.5,-9.451777991338451,random,1.4813461303710938
336,1360.2292754384177,569.3396839340093,0.4033436552069004,1.0,0.5,-8.589731823482225,random,1.7609920501708984
337,1259.0933063494351,586.8486923756279,0.40253776869033264,1.0,0.5,-7.0852372298459,random,1.5861358642578125
338,1539.9686513357108,486.4553009876602,0.4017238666124817,1.0,0.5,-11.259669534511893,random,1.4364161491394043
339,1293.5427713227286,598.9908480456643,0.40084027053405874,1.0,0.5,-8.145330543813277,random,1.5897631645202637
340,1109.1496803936127,440.1864373393646,0.40000177963106176,1.0,0.5,-6.037273004866904,random,1.421203851699829
341,1170.6939960736343,478.70124400303723,0.39909353536263403,1.0,0.5,-8.969865841383738,random,1.530622959136963
342,1280.1678068898007,395.77350845443823,0.39822233355029163,1.0,0.5,-9.353826794792761,random,1.3965182304382324
343,1118.734688187225,478.8899572383003,0.3973936785572975,1.0,0.5,-9.094928947970205,random,1.2798662185668945
344,1185.3430361759647,368.5282911448751,0.39658104834303365,1.0,0.5,-8.226067616811525,random,1.2467131614685059
345,1176.0973685340257,495.80013120058754,0.3956326948722125,1.0,0.5,-6.616460042368294,random,1.4230399131774902
346,1367.964181963924,495.7770470056459,0.39475053636142365,1.0,0.5,-11.500475677398999,random,1.4666860103607178
347,1124.5227080742425,576.2721636452746,0.39389889535425243,1.0,0.5,-6.611589071350732,random,1.375854730606079
348,1344.625884733247,538.1692549124522,0.3929061817641123,1.0,0.5,-11.092812516071962,random,1.6612029075622559
349,1122.257636264045,626.4054403153053,0.391949163474669,1.0,0.5,-9.647474895511895,random,1.4489481449127197
350,1277.2020921336666,640.2256752660994,0.3910125820966005,1.0,0.5,-7.5361652768427945,random,1.3928868770599365
351,1280.2462808868804,650.7442856585585,0.39005240656540024,1.0,0.5,-8.612219870062189,random,1.3751862049102783
352,1611.3000486827405,618.6296363364503,0.389073401287045,1.0,0.5,-7.799510469423839,random,1.4005601406097412
353,1210.3698061199832,646.5973421200313,0.3881177515816529,1.0,0.5,-8.451902140849796,random,1.4704439640045166
354,1134.940071803593,616.4749523098537,0.38734072630272504,1.0,0.5,-11.407121927519261,random,1.5495102405548096
355,1231.1820945027823,700.7106127446367,0.3864963829746147,1.0,0.5,-9.892290687340015,random,1.540320873260498
356,1294.170249342494,579.5991900848906,0.3857595514008503,1.0,0.5,-11.950722297755766,random,1.505871057510376
357,1387.8281870687088,673.3232120951263,0.38506631514612416,1.0,0.5,-10.427319994897,random,1.782170295715332
358,1455.2369448769075,738.4921796500628,0.3844126240710085,1.0,0.5,-9.186553423244373,random,1.492372989654541
359,1122.0995154610237,504.4847385959062,0.3837286737262317,1.0,0.5,-6.601618750553799,random,1.3359711170196533
360,1429.6656781154852,715.3891903399181,0.38308597519848064,1.0,0.5,-9.31042475853679,random,1.6450221538543701
361,1691.5747319894442,394.363260901756,0.3824309055690717,1.0,0.5,-6.044981418146758,random,1.1918139457702637
362,1537.0713573644127,661.5137026669084,0.38171554842909444,1.0,0.5,-7.6156949440419535,random,1.4698891639709473
363,1587.8275434481413,544.3948084896916,0.38092450098100317,1.0,0.5,-6.723657869195508,random,1.3367187976837158
364,1434.9479089519198,696.8621299653096,0.3801237157237197,1.0,0.5,-10.456939418256498,random,1.5637948513031006
365,1462.422605281988,580.3125003501984,0.37940953338693706,1.0,0.5,-7.0027763359318085,random,1.3256001472473145
366,1320.191919240209,581.1542720834061,0.3786705538686812,1.0,0.5,-11.265003351002733,random,1.6133837699890137
367,1842.6991700506132,625.956154050109,0.37791365227982415,1.0,0.5,-8.703299451551848,random,1.5193848609924316
368,1398.8298969341606,415.2451184516872,0.3773030304404462,1.0,0.5,-6.256239519439024,random,1.3508939743041992
369,2342.348142796412,719.6991335208488,0.37674591885470865,1.0,0.5,-10.033769415084022,random,1.6268022060394287
370,1977.616291627278,734.397181833598,0.37632026794397194,1.0,0.5,-11.421888291602041,random,1.583348274230957
371,2090.013125083388,762.1168307382986,0.3757855216835671,1.0,0.5,-11.78716833911148,random,1.6982078552246094
372,1570.8696264269192,613.2353113216197,0.375541950573713,1.0,0.5,-7.328483785387302,random,1.5674500465393066
373,1107.6316609839225,553.7852166019218,0.3750890960729427,1.0,0.5,-6.373672954454603,random,1.3147640228271484
374,1679.807741212576,641.0617463575602,0.3745660167140791,1.0,0.5,-7.220071248054289,random,1.3510849475860596
375,1541.764516867798,509.3121480584976,0.374005930124204,1.0,0.5,-6.6261357876548495,random,1.2996490001678467
376,1609.984528286459,682.4144402933084,0.37336932394420375,1.0,0.5,-7.300137670476522,random,1.362732172012329
377,1480.2241940947995,619.3157874107634,0.3728518932657899,1.0,0.5,-6.843229821043298,random,1.4271910190582275
378,1502.4153673233948,687.4490852055621,0.37232512319182826,1.0,0.5,-10.236359041246459,random,1.9268240928649902
379,1577.4850171204564,590.4197199817993,0.37173176489399173,1.0,0.5,-11.535690841500523,random,1.8902437686920166
380,1469.5913056833317,595.355964651453,0.371366913294869,1.0,0.5,-6.185550546438964,random,1.547346830368042
381,1264.8279872258665,663.8892054583696,0.3710740396400131,1.0,0.5,-9.640829410427674,random,1.5952529907226562
382,1361.127246703394,624.0221242997111,0.3706775127713119,1.0,0.5,-9.137903782833448,random,1.6380970478057861
383,1826.6879777004342,801.2324398452567,0.37020741674926616,1.0,0.5,-6.379741864270712,random,1.662003993988037
384,1454.1136420604134,622.2384590246581,0.36964413465722873,1.0,0.5,-10.369218876518739,random,1.7345569133758545
385,2050.0692114235753,883.0320418249854,0.3691526435065907,1.0,0.5,-9.567087071848833,random,1.8078131675720215
386,1458.3076490284911,707.7361186061055,0.3688126563055504,1.0,0.5,-9.390760168917902,random,1.6094129085540771
387,2112.336348293395,674.8202885207018,0.3686248574358654,1.0,0.5,-11.8683961047224,random,1.8039581775665283
388,1297.9688180178784,616.2954575947393,0.36844951201400383,1.0,0.5,-10.172687120581392,random,1.4440069198608398
389,1803.3890579684305,671.5186081082933,0.3682199136400082,1.0,0.5,-7.9801353271999815,random,1.6992928981781006
390,1706.7931178828865,660.7998568897151,0.3680579433608281,1.0,0.5,-6.683075621873192,random,1.5150129795074463
391,1441.1798904003074,604.0439025184718,0.36782210910732943,1.0,0.5,-10.071229391779566,random,1.4014739990234375
392,1455.1693355408117,618.132373792542,0.3677291579849948,1.0,0.5,-6.934961839369886,random,1.4127449989318848
393,1353.545171956679,662.7623134502471,0.36772951012385346,1.0,0.5,-7.394187471524387,random,1.4525539875030518
394,1434.2109586743634,677.7301385552789,0.3677223026344141,1.0,0.5,-11.477128608652864,random,1.6491940021514893
395,2038.3201546218922,739.3423220985414,0.367817226992708,1.0,0.5,-9.809093942828044,random,1.5852911472320557
396,1444.356888764918,550.4449884890346,0.36773262326389095,1.0,0.5,-7.128891896164719,random,1.508470058441162
397,1366.7852293937706,626.0466701472653,0.36754170901611366,1.0,0.5,-11.414348945705997,random,1.7625999450683594
398,1407.5557827076893,624.7872462082007,0.3672078922324373,1.0,0.5,-10.186585853749891,random,1.7358081340789795
399,1392.8046541604272,860.7372362222608,0.3668984215369413,1.0,0.5,-8.511401585998334,random,1.6133201122283936
400,1683.380423877107,641.506329454055,0.36673661368071475,1.0,0.5,-11.598529904094102,random,1.6593589782714844
401,1339.0704527969742,695.8548130061915,0.36659040097893886,1.0,0.5,-6.933024753318143,random,1.331611156463623
402,2065.5566608270074,739.669096142982,0.36661044760682915,1.0,0.5,-8.113477106697268,random,1.5645129680633545
403,2074.9893342548153,702.2743463190145,0.36664155886859573,1.0,0.5,-6.3320264615444,random,1.4334309101104736
404,1581.5919963460447,784.7531681644422,0.3665946002731624,1.0,0.5,-9.324980270363147,random,1.645552158355713
405,1723.3531056991462,794.1790098821241,0.36649068927436146,1.0,0.5,-9.835949762439041,random,1.7652051448822021
406,1525.3950372316292,780.4224144853886,0.3662343505667009,1.0,0.5,-6.946081396889701,random,1.5917961597442627
407,1508.1818837638705,841.5812480598282,0.3659250142547164,1.0,0.5,-9.9911106089628,random,1.821639060974121
408,1605.5174210196346,853.8679048751995,0.365482275170369,1.0,0.5,-9.734703796209772,random,1.7269840240478516
409,1373.1284094877265,829.1338582311331,0.36502313938436526,1.0,0.5,-7.677511189149426,random,1.5991039276123047
410,1749.7510902415358,823.2508470870343,0.3646171429397046,1.0,0.5,-10.991439732655488,random,1.691204309463501
411,2283.942139668519,944.8898417989849,0.3643348500002704,1.0,0.5,-11.165115522871513,random,1.7926931381225586
412,2555.3032353686795,932.0238596447925,0.3640834323852157,1.0,0.5,-11.662615961212335,random,2.1796581745147705
413,1916.9986130264267,998.6506276502026,0.3639827096861591,1.0,0.5,-11.762293135941068,random,1.9231507778167725
414,1856.609874725351,825.9666515304216,0.36380910051703197,1.0,0.5,-7.444636476248817,random,1.6252212524414062
415,1680.598298848966,941.7383608709886,0.3637465443729042,1.0,0.5,-11.631742620476977,random,1.7693402767181396
416,2010.6286599726554,1077.2347677016176,0.3637783884005191,1.0,0.5,-10.179336239041996,random,2.0220861434936523
417,1367.5076679925385,899.4250943489424,0.36381755976579644,1.0,0.5,-8.51546882291494,random,1.746614694595337
418,1427.7957152004456,855.2960697032293,0.363964453985846,1.0,0.5,-9.720610363961283,random,1.8583130836486816
419,2223.035411075721,929.5575791374406,0.36422401090929124,1.0,0.5,-8.60986446855803,random,2.0468080043792725
420,1786.225936358359,848.24205273724,0.3645551324189232,1.0,0.5,-11.036862720800537,random,2.0088610649108887
421,1520.2913219571221,750.792875694712,0.3648865707494005,1.0,0.5,-11.452574169642808,random,1.9039907455444336
422,1590.079431463546,829.9661152574454,0.36537789284161803,1.0,0.5,-11.275135631563021,random,1.92038893699646
423,2049.44318117951,1080.4337108676605,0.365779169325701,1.0,0.5,-10.44764572388384,random,2.005204916000366
424,2344.5402822083556,1143.88839189535,0.36619773232705566,1.0,0.5,-9.760736540491697,random,1.9591381549835205
425,2106.8447326007026,999.029260808288,0.36681594264991657,1.0,0.5,-11.324053775620444,random,2.220773935317993
426,2247.3701319548245,963.7231150957796,0.36746194335793286,1.0,0.5,-11.810916692608677,random,1.8672387599945068
427,2195.942661192212,1082.4070196509554,0.36806571464215576,1.0,0.5,-10.153214186932706,random,2.030574083328247
428,2090.1545388800355,913.7093496826383,0.36849011228489637,1.0,0.5,-8.846918672142536,random,1.5341291427612305
429,2165.429351034211,813.8950334077687,0.3688696299014683,1.0,0.5,-8.861795543278948,random,1.5767490863800049
430,2090.0649458293396,916.0881245257635,0.3690864624433317,1.0,0.5,-8.32117940648923,random,1.6781539916992188
431,1903.1177855461876,771.9444427796186,0.3694797414145995,1.0,0.5,-11.826497388359805,random,1.499635934829712
432,1801.2684433129598,750.2609349420278,0.3698657243474786,1.0,0.5,-7.823421539900636,random,1.4934160709381104
433,1726.9947218742363,881.8043742063019,0.3703551290399722,1.0,0.5,-9.104841747055758,random,1.6583878993988037
434,1869.7072598641628,807.2603128683937,0.3707907728677622,1.0,0.5,-10.568190620412853,random,1.8682630062103271
435,1993.5041836160497,846.0523104866112,0.37125652808743204,1.0,0.5,-10.063151231184259,random,1.731261968612671
436,2573.1513928397558,943.8541971086485,0.3716508455022595,1.0,0.5,-8.974230597733275,random,1.7377209663391113
437,1636.9031573411255,721.704413510853,0.3718757513794399,1.0,0.5,-6.0680736013446435,random,1.7345831394195557
438,1734.0112314837152,687.8393614067785,0.37206170625905427,1.0,0.5,-7.826229251188742,random,1.54752516746521
439,2192.44285892041,754.6267270629972,0.37209975935277184,1.0,0.5,-10.954831016799023,random,1.8716919422149658
440,2304.9280699214396,827.2838118312695,0.37215657705079985,1.0,0.5,-9.657626742813326,random,1.7677488327026367
441,2367.548624624986,983.5556546391641,0.3720866990310489,1.0,0.5,-9.25624584197207,random,1.719892978668213
442,1888.3669103534255,1021.9483772820611,0.37192003331685924,1.0,0.5,-10.369384404500003,random,1.9519891738891602
443,2502.3211770473067,936.3614638766692,0.3716500777820459,1.0,0.5,-7.169123826996383,random,1.8042659759521484
444,1927.3817629161313,807.8383282491453,0.3714953001993582,1.0,0.5,-7.513110168155174,random,1.4806530475616455
445,1822.5246154861168,750.0385973596633,0.37138369076651895,1.0,0.5,-6.7814027860692585,random,1.4743280410766602
446,2054.304385460617,908.2119911788608,0.37124171414736173,1.0,0.5,-7.520043921881264,random,1.543712854385376
447,2218.9917333792764,913.2028985946603,0.370972696919794,1.0,0.5,-9.518138074745508,random,1.765537977218628
448,1934.0110093325357,1092.0598704075965,0.370764581163697,1.0,0.5,-11.531075666226169,random,2.4910929203033447
449,2359.757289272418,960.7120357426738,0.37078122469489627,1.0,0.5,-6.132476806858503,random,1.8626317977905273
450,2797.674268406628,897.9396524257008,0.3708383163081607,1.0,0.5,-9.262068351563803,random,1.7714831829071045
451,2223.4894947854477,1084.8574739441506,0.3709286716993167,1.0,0.5,-9.902330032996788,random,1.9268527030944824
452,1632.6069505202697,1016.8008294940151,0.3710888570681241,1.0,0.5,-11.957381080883295,random,2.289108991622925
453,1860.434588529398,933.5069834569476,0.3712797957940096,1.0,0.5,-8.354089520580613,random,1.673548698425293
454,2263.862113351795,1079.1594053841268,0.37144620540194767,1.0,0.5,-10.318311743724502,random,2.155958890914917
455,2150.5361888305274,820.5506799778456,0.3716438996169508,1.0,0.5,-6.656029063967085,random,1.7211041450500488
456,2037.6023880286018,1135.290538266551,0.3719767853553474,1.0,0.5,-9.717990675762808,random,2.076725959777832
457,1940.0209081479434,858.3532679765278,0.3723254976041271,1.0,0.5,-6.7169422563979495,random,1.7385210990905762
458,2330.742139431254,964.2923231349596,0.37268370359705555,1.0,0.5,-10.90738275081449,random,2.3204431533813477
459,2184.7065785910286,1003.0146712053345,0.37303316266900216,1.0,0.5,-9.694244200066375,random,1.9475209712982178
460,1722.8989421017761,1012.6520854468985,0.3733926758009926,1.0,0.5,-11.734996561363104,random,1.9939689636230469
461,1198.5762985310007,593.0420032595423,0.37366920742453363,1.0,0.5,-6.271425262977576,random,1.37754487991333
462,2038.896652908804,966.0192796692761,0.37393697111390567,1.0,0.5,-10.38759281125336,random,1.9132208824157715
463,2311.878617864537,904.2880120352256,0.37417782894245505,1.0,0.5,-6.915888753678949,random,1.610903024673462
464,2037.6642240623642,854.738162007389,0.37446593713866744,1.0,0.5,-6.5084398175809755,random,1.5716102123260498
465,1913.0919312571148,1013.0532657498774,0.374614833587153,1.0,0.5,-9.163997862522724,random,1.9704549312591553
466,1970.2191979865838,967.0099115713823,0.3748970526066781,1.0,0.5,-7.47321676625433,random,1.70458984375
467,2308.4284679112407,858.45596162927,0.37531939094211025,1.0,0.5,-8.042877224680304,random,1.6387829780578613
468,2285.577553869193,950.7535200548198,0.3757527377958641,1.0,0.5,-10.286722417700021,random,1.7684049606323242
469,2470.9195317919643,1087.679739632013,0.37620604637223637,1.0,0.5,-11.128635157362593,random,2.086658000946045
470,2144.735636920849,725.8409362609984,0.37650949740522605,1.0,0.5,-9.812738569676817,random,1.5118472576141357
471,2044.9965949410682,1002.7108524661035,0.3768545240061379,1.0,0.5,-8.160709563663449,random,1.7153658866882324
472,1901.6407583963598,881.4374407204581,0.3771097989791234,1.0,0.5,-7.014189263482992,random,1.559230089187622
473,2320.0582066579304,1035.815200550012,0.37729779495791543,1.0,0.5,-11.730398855470236,random,2.067884922027588
474,2133.0728475164674,936.4361784798737,0.37767451130708435,1.0,0.5,-7.099560864446405,random,1.6976499557495117
475,2263.3609636158894,1110.5892115702045,0.37819696885671705,1.0,0.5,-8.757729045426155,random,1.9635560512542725
476,2230.7769475925174,1114.988596044032,0.3785312568105201,1.0,0.5,-11.298665258956389,random,2.3927249908447266
477,2193.1755064529916,1130.0493524600492,0.3788838310634535,1.0,0.5,-11.670834053884501,random,2.3164117336273193
478,2209.6798893323553,936.6768707679178,0.3791826011652484,1.0,0.5,-8.239023390468775,random,1.684039831161499
479,1855.142830024831,1077.1094618578095,0.37958881240378173,1.0,0.5,-8.390846722904435,random,1.8480932712554932
480,2006.4696825888739,1177.7499833484048,0.3800257692917345,1.0,0.5,-10.649020462319328,random,2.0170717239379883
481,2508.1988510334127,1074.9218919493817,0.3805219175136414,1.0,0.5,-10.785690504895559,random,1.7814509868621826
482,2278.2914644009393,1047.1760675091962,0.38102736326169306,1.0,0.5,-10.71338873454016,random,1.849562168121338
483,1871.4005667185156,972.4779207004442,0.3814329928546916,1.0,0.5,-7.823387975599875,random,1.7081191539764404
484,2340.8117629706,930.8804858672707,0.3818066142418743,1.0,0.5,-7.856178836816648,random,1.7003231048583984
485,2708.965011365315,1070.5489611336836,0.3822158680469141,1.0,0.5,-10.517412630206412,random,1.8506560325622559
486,2994.744737007098,1442.95801480476,0.3825961226287121,1.0,0.5,-9.091597283698244,random,2.2306392192840576
487,2790.4717575284303,1310.4440723219093,0.3828281298823354,1.0,0.5,-9.449052755530152,random,2.157144784927368
488,2476.1197206401516,1260.929639726041,0.38298181676258186,1.0,0.5,-8.632681609185566,random,2.0973591804504395
489,2775.747917805684,1488.429368065847,0.38325018513609244,1.0,0.5,-10.0025162959191,random,2.2646281719207764
490,2880.3326439891084,1541.6698915212626,0.3834235350381009,1.0,0.5,-10.84567663219911,random,2.3590798377990723
491,2469.061259165548,1278.7410294047395,0.38381541871641167,1.0,0.5,-8.068606428450034,random,1.9995708465576172
492,2487.4500510118064,1456.3501951622952,0.38420127864445697,1.0,0.5,-8.408556140154415,random,2.261085033416748
493,2879.5982920179335,1269.3774666847905,0.38464763297739435,1.0,0.5,-10.842669350262618,random,2.1676998138427734
494,2581.1844314679643,1142.7787010175775,0.38510917970193415,1.0,0.5,-10.123494427256333,random,2.0684452056884766
495,2645.015765180338,1391.5114576199608,0.38568171345531227,1.0,0.5,-11.236709206537483,random,2.354326009750366
496,2709.350086630681,1552.952576273047,0.3862466001818371,1.0,0.5,-10.674046325031911,random,2.5145719051361084
497,2641.4382555476177,1304.1132655258382,0.3867829964561072,1.0,0.5,-10.572283126870246,random,2.1914069652557373
498,2961.3345137843025,1416.612336043509,0.3873682422552724,1.0,0.5,-10.848195543053686,random,2.593555212020874
499,2831.8079864090614,1406.6067254751486,0.3878719824920227,1.0,0.5,-10.619682129929105,random,2.1461541652679443
